{
  "budget": "large",
  "window": [
    6.0,
    9.0
  ],
  "theta_opt": [
    0.9885573868242676,
    0.00019382628258822943,
    0.07600722340775652
  ],
  "J": 20.397377575473325,
  "nit": 40,
  "success": true
}