{
  "budget": "small",
  "window": [
    1.0,
    4.0
  ],
  "theta_source": "3dvar_win1",
  "x0_opt": [
    0.02774251375573408,
    0.008929727228383942,
    0.019981501969809804,
    0.007182312630273714
  ],
  "J": 49.150630028579535,
  "nit": 20,
  "success": true
}