{
  "budget": "large",
  "window": [
    6.0,
    9.0
  ],
  "theta_source": "3dvar_win2",
  "x0_opt": [
    0.04179992428855472,
    0.004657975325240392,
    0.020002079370075962,
    0.00010092929328848127
  ],
  "J": 19.361843219783484,
  "nit": 29,
  "success": true
}