solver,Nx,Ny,dt,steps,time_sec,TB_final
explicit,64,64,0.0009070294784429326,5513,0.7358969580018311,0.013443386535278672
semi_implicit,64,64,0.02,250,1.217707416999474,0.011488877827137747
explicit,96,96,0.00039889196675235456,12535,3.286721750002471,0.013574601032576081
semi_implicit,96,96,0.02,250,3.208435708002071,0.011488863140674724
explicit,128,128,0.00022320044639717276,22402,8.713415666999936,0.0135848486892979
semi_implicit,128,128,0.02,250,6.757513791999372,0.01148885661418962
