solver,Nx,Ny,dt,steps,time_sec,TB_final
explicit,64,64,0.0009070294784429326,5513,0.7743028340009914,0.013443386535278672
semi_implicit,64,64,0.02,250,1.2474874159997853,0.011488877827137747
explicit,96,96,0.00039889196675235456,12535,3.3511211250006454,0.013574601032576081
semi_implicit,96,96,0.02,250,3.2647888329993293,0.011488863140674724
explicit,128,128,0.00022320044639717276,22402,9.013121332998708,0.0135848486892979
semi_implicit,128,128,0.02,250,6.828212749998784,0.01148885661418962
