solver,Nx,Ny,dt,steps,time_sec,TB_final
explicit,64,64,0.0009070294784429326,5513,1.3844695799052715,0.013443386535278672
semi_implicit,64,64,0.02,250,1.9521319819614291,0.01148887782713774
explicit,96,96,0.00039889196675235456,12535,5.317870092578232,0.013574601032576081
semi_implicit,96,96,0.02,250,5.077799167484045,0.011488863140674705
explicit,128,128,0.00022320044639717276,22402,14.579311721026897,0.0135848486892979
semi_implicit,128,128,0.02,250,13.820834181271493,0.011488856614189559
