param,tag,value,TB_final,time_sec
alpha_S,LO,0.4,0.008345049459346342,2.478585750000093
alpha_S,HI,1.2,0.005763545086926599,2.458863625000049
mu_max,LO,0.0,0.005085293136327187,2.4559284169999955
mu_max,HI,0.1,0.0071790631748060866,2.474002792000647
lam,LO,0.05,0.0030297641265879752,2.454412332999709
lam,HI,0.5,0.011760608544691017,2.4766970410000795
sigma,LO,0.0,0.006227687565206648,2.453107541999998
sigma,HI,0.1,0.006203229784215046,2.4722490829999515
