param,tag,value,TB_final,time_sec
alpha_S,LO,0.4,0.014009943562657721,2.4990605893544853
alpha_S,HI,1.2,0.008087158312388917,2.662439436186105
mu_max,LO,0.0,0.00768214796815561,2.5760866729542613
mu_max,HI,0.1,0.010314539882048451,2.8635912933386862
lam,LO,0.05,0.006628657642896082,2.4200930246151984
lam,HI,0.5,0.01391063282546877,2.5281045851297677
sigma,LO,0.0,0.009096904865575682,2.5603742422536016
sigma,HI,0.1,0.009077710663924567,2.7849191911518574
