param,tag,value,TB_final,time_sec
alpha_S,LO,0.4,0.014009943562657732,1.4940550829996937
alpha_S,HI,1.2,0.00808715831238892,1.4762193339993246
mu_max,LO,0.0,0.007682147968155613,1.498501165999187
mu_max,HI,0.1,0.010314539882048458,1.4800582919997396
lam,LO,0.05,0.006628657642896084,1.4792510410006798
lam,HI,0.5,0.01391063282546878,1.4962143749980896
sigma,LO,0.0,0.009096904865575687,1.4796888749988284
sigma,HI,0.1,0.00907771066392457,1.4985659579979256
