param,tag,value,TB_final,time_sec
alpha_S,LO,0.4,0.014009943562657732,1.4823658750001414
alpha_S,HI,1.2,0.00808715831238892,1.4644090830001915
mu_max,LO,0.0,0.007682147968155613,1.4902659170002153
mu_max,HI,0.1,0.010314539882048458,1.4680737919998137
lam,LO,0.05,0.006628657642896084,1.4793716250001125
lam,HI,0.5,0.01391063282546878,1.4818083750001279
sigma,LO,0.0,0.009096904865575687,1.4794698750001771
sigma,HI,0.1,0.00907771066392457,1.4786956250000003
