param,tag,value,TB_final,time_sec
alpha_S,LO,0.4,0.014009943562657732,1.4901697919995058
alpha_S,HI,1.2,0.00808715831238892,1.5166985830001067
mu_max,LO,0.0,0.007682147968155613,1.4996950419990753
mu_max,HI,0.1,0.010314539882048458,1.5244717499990657
lam,LO,0.05,0.006628657642896084,1.5187380419993133
lam,HI,0.5,0.01391063282546878,1.5391232920010225
sigma,LO,0.0,0.009096904865575687,1.5003175829988322
sigma,HI,0.1,0.00907771066392457,1.4994214170001214
