param,tag,value,TB_final,time_sec
alpha_S,LO,0.4,0.014009943562657732,1.4914244589999726
alpha_S,HI,1.2,0.00808715831238892,1.488125083000341
mu_max,LO,0.0,0.007682147968155613,1.4744373749999795
mu_max,HI,0.1,0.010314539882048458,1.4984440410007664
lam,LO,0.05,0.006628657642896084,1.5020463750006456
lam,HI,0.5,0.01391063282546878,1.5195394170004874
sigma,LO,0.0,0.009096904865575687,1.5266884170014237
sigma,HI,0.1,0.00907771066392457,1.4983874580029806
