param,tag,value,TB_final,time_sec
alpha_S,LO,0.4,0.014009943562657732,1.473319958000502
alpha_S,HI,1.2,0.00808715831238892,1.489140875004523
mu_max,LO,0.0,0.007682147968155613,1.4785890409984859
mu_max,HI,0.1,0.010314539882048458,1.4745815830028732
lam,LO,0.05,0.006628657642896084,1.4790800000046147
lam,HI,0.5,0.01391063282546878,1.473631832996034
sigma,LO,0.0,0.009096904865575687,1.4762130829985836
sigma,HI,0.1,0.00907771066392457,1.4757849169982364
