{
  "TB_final": {
    "names": [
      "rho_S",
      "rho_R",
      "K",
      "alpha_S",
      "alpha_R",
      "sigma",
      "delta",
      "gamma_S",
      "gamma_R",
      "lam",
      "beta",
      "mu_max",
      "C50"
    ],
    "mu": [
      0.002073164575272167,
      0.0014806792735975326,
      0.00010256558681467134,
      -0.01271760388970798,
      -0.004096689797326607,
      -1.1608105364103902e-05,
      1.1370480505674605e-05,
      -3.3437717790852105e-05,
      -2.6504435684271103e-05,
      0.009780748035078673,
      0.00012194992956307702,
      0.00313428579648204,
      -0.0008840162946218955
    ],
    "mu_star": [
      0.002073164575272167,
      0.0014806792735975326,
      0.00010256558681467134,
      0.01271760388970798,
      0.004096689797326607,
      1.1608105364103902e-05,
      1.1370480505674605e-05,
      3.3437717790852105e-05,
      2.6504435684271103e-05,
      0.009780748035078673,
      0.00012194992956307702,
      0.00313428579648204,
      0.0008845820934887575
    ],
    "sigma": [
      0.00184458110503936,
      0.0006264918135592038,
      0.00012222972994177094,
      0.005992691544290822,
      0.0014395953694837551,
      1.2388583458403271e-05,
      9.518167370284877e-06,
      3.222772190737523e-05,
      1.2910713516284654e-05,
      0.0040547202353306295,
      7.263390709940734e-05,
      0.0014143727463751623,
      0.0008295280497217093
    ],
    "mu_star_conf": [
      0.0001261553641535822,
      5.674172273744896e-05,
      9.615901379601227e-06,
      0.0004578361495907143,
      0.00011043288761913752,
      1.002290793471664e-06,
      7.863518119473734e-07,
      2.157820450843608e-06,
      1.0369393351873879e-06,
      0.0003064759760370635,
      5.706792358556176e-06,
      0.00011763589105767244,
      7.274612192242605e-05
    ]
  },
  "t_half": {
    "names": [
      "rho_S",
      "rho_R",
      "K",
      "alpha_S",
      "alpha_R",
      "sigma",
      "delta",
      "gamma_S",
      "gamma_R",
      "lam",
      "beta",
      "mu_max",
      "C50"
    ],
    "mu": [
      0.49900497512437725,
      0.12409381663113002,
      0.020042643923240896,
      -3.547619047619047,
      -0.3460554371002125,
      -0.0015636105188343973,
      0.0009239516702203231,
      -0.007036247334754795,
      -0.001279317697228141,
      1.5965174129353226,
      0.021321961620469076,
      0.24491826581378792,
      -0.06119402985074637
    ],
    "mu_star": [
      0.49900497512437725,
      0.12409381663113002,
      0.020042643923240896,
      3.547619047619047,
      0.3460554371002125,
      0.0015636105188343973,
      0.0009239516702203231,
      0.007036247334754795,
      0.001279317697228141,
      1.5965174129353226,
      0.021321961620469076,
      0.24491826581378792,
      0.06119402985074637
    ],
    "sigma": [
      0.7078745490767812,
      0.25614928189910957,
      0.03718614249629111,
      2.0387642065459213,
      0.5119434932880493,
      0.00705560889971912,
      0.005478018503537944,
      0.015416221631813052,
      0.0064105297629104135,
      1.6526475066070565,
      0.039587808126608906,
      0.4107596952670329,
      0.16056020021787995
    ],
    "mu_star_conf": [
      0.06844142520181272,
      0.026165841683242447,
      0.0034482805925362017,
      0.16728232272331134,
      0.049601723566222604,
      0.0006326758816695561,
      0.0004893609915627058,
      0.0014328125073693927,
      0.0005838901319198749,
      0.1615374964348881,
      0.003350389108899302,
      0.035946082244801204,
      0.015963275030324055
    ]
  },
  "R_frac_final": {
    "names": [
      "rho_S",
      "rho_R",
      "K",
      "alpha_S",
      "alpha_R",
      "sigma",
      "delta",
      "gamma_S",
      "gamma_R",
      "lam",
      "beta",
      "mu_max",
      "C50"
    ],
    "mu": [
      -0.05772503699779021,
      0.04787704248340014,
      -0.00040695787761059563,
      0.457316859824718,
      -0.13437596257674045,
      9.466852470101356e-06,
      1.6561431663166823e-06,
      0.0008338334492831262,
      -0.0008530139666972353,
      -0.3094269636295855,
      -0.0034125775546758196,
      0.264905534757512,
      -0.07527274086000038
    ],
    "mu_star": [
      0.05772503699779021,
      0.04787704248340014,
      0.0006883355783337449,
      0.457316859824718,
      0.13437596257674045,
      0.00012596892149890852,
      0.00012316720369541701,
      0.0008338334492831262,
      0.0008530139666972353,
      0.3094269636295855,
      0.0034125775546758196,
      0.264905534757512,
      0.07527274086000038
    ],
    "sigma": [
      0.019666169006674478,
      0.01610203734490301,
      0.0009435079118781865,
      0.1361840706110597,
      0.05184062227537593,
      0.00016772592723018304,
      0.00016356166566164988,
      0.0003417362142277628,
      0.00034773122737625833,
      0.11658675809734433,
      0.0013889247293802124,
      0.12225901700477482,
      0.06852814194575609
    ],
    "mu_star_conf": [
      0.001237599638773897,
      0.0012896272583984565,
      6.596477489751961e-05,
      0.01010698383525591,
      0.003899553925965158,
      9.539773026492484e-06,
      8.521422395256855e-06,
      2.706393703810928e-05,
      2.6689819789761907e-05,
      0.008586562406734007,
      0.00011899660343880425,
      0.009132730778970135,
      0.0050306789406119636
    ]
  },
  "C_AUC": {
    "names": [
      "rho_S",
      "rho_R",
      "K",
      "alpha_S",
      "alpha_R",
      "sigma",
      "delta",
      "gamma_S",
      "gamma_R",
      "lam",
      "beta",
      "mu_max",
      "C50"
    ],
    "mu": [
      -0.001081816908464057,
      -0.00033371939947089344,
      -4.86250149384082e-05,
      0.00862598477059615,
      0.0010322140079938938,
      2.4051380375669482e-06,
      -2.0789359297217978e-06,
      1.8125290434933834e-05,
      6.472212866000716e-06,
      -2.6991768602510366,
      -0.033180529187287935,
      -0.0007921533246859772,
      0.00012847736526103216
    ],
    "mu_star": [
      0.001081816908464057,
      0.00033371939947089344,
      4.86250149384082e-05,
      0.00862598477059615,
      0.0010322140079938938,
      2.4051380375669482e-06,
      2.0789359297217978e-06,
      1.8125290434933834e-05,
      6.472212866000716e-06,
      2.6991768602510366,
      0.033180529187287935,
      0.0007921677399948793,
      0.0001285678005426807
    ],
    "sigma": [
      0.0009734384401698698,
      0.0003053879284342845,
      6.018219480997498e-05,
      0.007607941118883376,
      0.001087106189326232,
      2.869925586009595e-06,
      2.194494616815787e-06,
      1.6551742635412913e-05,
      5.716126688021167e-06,
      0.6575552996767446,
      0.01445768673140578,
      0.0008669583980833957,
      0.00017260737224186575
    ],
    "mu_star_conf": [
      7.52588166710929e-05,
      2.4767436162474493e-05,
      5.1193903310517125e-06,
      0.0007261560648271334,
      7.749776674697064e-05,
      2.3203983998948126e-07,
      1.748613902861231e-07,
      1.355781970128783e-06,
      4.523782161825977e-07,
      0.05395695376924081,
      0.0011574087486177528,
      7.074613564673423e-05,
      1.3626853897147253e-05
    ]
  }
}