{
  "alpha_S": 1.4629235397573672,
  "mu_max": 0.0047159536343795985,
  "lam": 0.06155533990925472
}