{
  "alpha_S": 0.7379089256199994,
  "mu_max": 0.1613540364895766,
  "lam": 0.20613374468990198
}