{
  "rmse_pinn_vs_pde": 0.006525754858426865,
  "rmse_ode_vs_pde": 0.005676448925172951,
  "rmse_pinn_vs_ode": 0.005607529453107833,
  "mae_pinn_vs_pde": 0.004705794064862121,
  "mae_ode_vs_pde": 0.004615948288604261,
  "mae_pinn_vs_ode": 0.005206295595495319
}