D_C,TB_final,dt,steps
0.005,0.02610702885702224,0.02,250
0.01,0.02624615203642985,0.02,250
0.02,0.02655982671002747,0.02,250
0.03,0.026800762340806677,0.02,250
0.05,0.027109272977821595,0.02,250
