{
  "top_ode": {
    "morris_TB_final": {
      "param": [
        "alpha_S",
        "lam",
        "alpha_R",
        "mu_max",
        "rho_S",
        "rho_R"
      ],
      "mu_star": [
        0.0127176038897079,
        0.0097807480350786,
        0.0040966897973266,
        0.003134285796482,
        0.0020731645752721,
        0.0014806792735975
      ],
      "mu_star_conf": [
        0.0004578361495907,
        0.000306475976037,
        0.0001104328876191,
        0.0001176358910576,
        0.0001261553641535,
        5.674172273744896e-05
      ],
      "sigma": [
        0.0059926915442908,
        0.0040547202353306,
        0.0014395953694837,
        0.0014143727463751,
        0.0018445811050393,
        0.0006264918135592
      ]
    },
    "sobol_TB_final": {
      "param": [
        "alpha_S",
        "lam",
        "alpha_R",
        "mu_max",
        "rho_S",
        "rho_R"
      ],
      "S1": [
        0.5202950908683254,
        0.30214260324575,
        0.0493437607968926,
        0.030131418718869,
        0.0115689305711167,
        0.0079826451711985
      ],
      "ST": [
        0.5783783022456234,
        0.348414688947101,
        0.0635089324236245,
        0.0376842814182429,
        0.0189742092836479,
        0.0079128495857725
      ],
      "S1_conf": [
        0.1366522797792798,
        0.0899356800750749,
        0.0453205430236578,
        0.0363236530509467,
        0.0190960082862785,
        0.0161831216634581
      ],
      "ST_conf": [
        0.1066640932325274,
        0.0741313675960343,
        0.0153863101582257,
        0.0085580634306541,
        0.0041652489176806,
        0.0017666561582511
      ]
    },
    "morris_t_half": {
      "param": [
        "alpha_S",
        "lam",
        "rho_S",
        "alpha_R",
        "mu_max",
        "rho_R"
      ],
      "mu_star": [
        3.547619047619047,
        1.5965174129353226,
        0.4990049751243772,
        0.3460554371002125,
        0.2449182658137879,
        0.12409381663113
      ],
      "mu_star_conf": [
        0.1672823227233113,
        0.1615374964348881,
        0.0684414252018127,
        0.0496017235662226,
        0.0359460822448012,
        0.0261658416832424
      ],
      "sigma": [
        2.0387642065459213,
        1.6526475066070565,
        0.7078745490767812,
        0.5119434932880493,
        0.4107596952670329,
        0.2561492818991095
      ]
    },
    "sobol_t_half": {
      "param": [
        "alpha_S",
        "lam",
        "rho_S",
        "alpha_R",
        "mu_max",
        "rho_R"
      ],
      "S1": [
        0.7412059503956014,
        0.1473990416062989,
        0.0155344748689335,
        0.0145138515915485,
        0.0233472951449221,
        0.0
      ],
      "ST": [
        0.898280159247288,
        0.2618689564885244,
        0.0412570959352451,
        0.0236735950507481,
        0.0116276346926423,
        0.0038518699752976
      ],
      "S1_conf": [
        0.1490858801709801,
        0.0951057622545614,
        0.0380522601906477,
        0.030416011279289,
        0.0279649317883524,
        0.0097194386013062
      ],
      "ST_conf": [
        0.136244490522679,
        0.0694830722032871,
        0.0186999837767594,
        0.0123096637917306,
        0.007432392962405,
        0.002295051027189
      ]
    },
    "morris_R_frac_final": {
      "param": [
        "alpha_S",
        "lam",
        "mu_max",
        "alpha_R",
        "C50",
        "rho_S"
      ],
      "mu_star": [
        0.457316859824718,
        0.3094269636295855,
        0.264905534757512,
        0.1343759625767404,
        0.0752727408600003,
        0.0577250369977902
      ],
      "mu_star_conf": [
        0.0101069838352559,
        0.008586562406734,
        0.0091327307789701,
        0.0038995539259651,
        0.0050306789406119,
        0.0012375996387738
      ],
      "sigma": [
        0.1361840706110597,
        0.1165867580973443,
        0.1222590170047748,
        0.0518406222753759,
        0.068528141945756,
        0.0196661690066744
      ]
    },
    "sobol_R_frac_final": {
      "param": [
        "alpha_S",
        "lam",
        "mu_max",
        "alpha_R",
        "C50",
        "rho_S"
      ],
      "S1": [
        0.5218055475085123,
        0.2597435289393983,
        0.1794475501316282,
        0.0452873254754299,
        0.011536165697167,
        0.0044779759289134
      ],
      "ST": [
        0.49071893207123,
        0.2740550604169685,
        0.191283352769301,
        0.0479260996015074,
        0.0263345487621705,
        0.0088003455502684
      ],
      "S1_conf": [
        0.1179810146825104,
        0.0864437793246634,
        0.0748908702121362,
        0.0378663236833372,
        0.0250031559666893,
        0.0162904106959908
      ],
      "ST_conf": [
        0.0895582812499268,
        0.0451154947741555,
        0.0441895532616634,
        0.0098266881206332,
        0.0075894666997616,
        0.0017807175187645
      ]
    },
    "morris_C_AUC": {
      "param": [
        "lam",
        "beta",
        "alpha_S",
        "rho_S",
        "alpha_R",
        "mu_max"
      ],
      "mu_star": [
        2.6991768602510366,
        0.0331805291872879,
        0.0086259847705961,
        0.001081816908464,
        0.0010322140079938,
        0.0007921677399948
      ],
      "mu_star_conf": [
        0.0539569537692408,
        0.0011574087486177,
        0.0007261560648271,
        7.52588166710929e-05,
        7.749776674697064e-05,
        7.074613564673423e-05
      ],
      "sigma": [
        0.6575552996767446,
        0.0144576867314057,
        0.0076079411188833,
        0.0009734384401698,
        0.0010871061893262,
        0.0008669583980833
      ]
    },
    "sobol_C_AUC": {
      "param": [
        "lam",
        "beta",
        "alpha_S",
        "alpha_R",
        "rho_S",
        "mu_max"
      ],
      "S1": [
        0.9972942490988542,
        0.0002990528190922,
        0.0,
        7.131453541692541e-06,
        2.7234982449304587e-06,
        0.0
      ],
      "ST": [
        0.997439356580124,
        0.0001566495309527,
        1.4443770573615838e-05,
        2.418949324057303e-07,
        2.034943440751049e-07,
        1.331050682553863e-07
      ],
      "S1_conf": [
        0.1435693999107273,
        0.0023879633433045,
        0.0005615528197857,
        8.881616564205503e-05,
        7.739350886321769e-05,
        5.450166135303857e-05
      ],
      "ST_conf": [
        0.1132683393083743,
        2.7953052711550543e-05,
        4.881174107598225e-06,
        7.695610397604928e-08,
        6.320976927212055e-08,
        5.659760617074314e-08
      ]
    }
  },
  "top_pde": {},
  "proposed_simplifications": [
    "K",
    "delta",
    "gamma_R",
    "gamma_S",
    "sigma"
  ],
  "rules": {
    "threshold_type": "adaptive",
    "sobol_thr": "1% of max(ST) per metric",
    "morris_thr": "1% of max(mu*) per metric",
    "decision": "parameter proposed only if low in BOTH Sobol and Morris (intersection), and never strong"
  }
}