{
  "solver": "semi_implicit",
  "Nx": 96,
  "Ny": 96,
  "dx": 0.010526315789473684,
  "dy": 0.010526315789473684,
  "T": 10.0,
  "dt": 0.02,
  "steps": 500,
  "time_sec": 12.599811146967113,
  "params": {
    "D_S": 0.0,
    "D_R": 0.0,
    "D_I": 0.0,
    "D_C": 0.015,
    "rho_S": 0.04,
    "rho_R": 0.03,
    "K": 1.0,
    "alpha_S": 0.8,
    "alpha_R": 0.12,
    "gamma_S": 0.02,
    "gamma_R": 0.02,
    "sigma": 0.05,
    "delta": 0.1,
    "lam": 0.2,
    "beta": 0.0,
    "mu_max": 0.05,
    "C50": 0.2,
    "m_hill": 3,
    "dose_type": "bolus_periodic",
    "dose_A": 1.0,
    "dose_period": 5.0,
    "infusion_rate": 0.0
  }
}