{
  "S1": [
    2.7234982449304587e-06,
    3.0571994787301366e-06,
    2.967375892477591e-07,
    -0.0005039465928288135,
    7.131453541692541e-06,
    4.338783086367571e-08,
    -1.2404246896746216e-07,
    -1.4694339052044757e-07,
    -1.5375265713895133e-08,
    0.9972942490988542,
    0.00029905281909228907,
    -1.686673263075255e-05,
    -2.35688416621565e-06
  ],
  "ST": [
    2.034943440751049e-07,
    2.0829464131187477e-08,
    5.009488036019358e-10,
    1.4443770573615838e-05,
    2.418949324057303e-07,
    1.230517119161755e-12,
    1.1102307255958875e-12,
    6.808182569898836e-11,
    6.444712166405031e-12,
    0.9974393565801241,
    0.0001566495309527435,
    1.331050682553863e-07,
    4.556718324011895e-09
  ],
  "names": [
    "rho_S",
    "rho_R",
    "K",
    "alpha_S",
    "alpha_R",
    "sigma",
    "delta",
    "gamma_S",
    "gamma_R",
    "lam",
    "beta",
    "mu_max",
    "C50"
  ]
}