t,S_ref,R_ref,I_ref,C_ref,S_ode,R_ode,I_ode,C_ode,S_supermodel,R_supermodel,I_supermodel,C_supermodel,S_supernet,R_supernet,I_supernet,C_supernet
0.0,0.1,0.01,0.01,0.0,0.1,0.01,0.01,0.0,0.1,0.01,0.01,0.0,0.10011727,0.010338797,0.009810683,0.0068329247
0.2,0.09991486633789447,0.010056196479859668,0.010238067267871567,0.0951625820153178,0.09991486633789447,0.010056196479859668,0.010238067267871567,0.0951625820153178,0.09962991,0.010498196,0.010393289,0.09537369,0.09790991,0.010397079,0.009875252,0.0071385805
0.4,0.09833685143494048,0.010152033499415417,0.010468358178735995,0.18126924696067923,0.09833685143494048,0.010152033499415417,0.010468358178735995,0.18126924696067923,0.09776987,0.011041183,0.010774146,0.1816656,0.095743045,0.010457246,0.009940761,0.007460708
0.6000000000000001,0.09545863871633511,0.010296832251640343,0.01068566144576767,0.2591817793462638,0.09545863871633511,0.010296832251640343,0.01068566144576767,0.2591817793462638,0.09462088,0.011635805,0.011137719,0.25974044,0.093617395,0.010519296,0.010006855,0.007799883
0.8,0.09152285342321245,0.01047411630189477,0.010885723649379937,0.3296799539833453,0.09152285342321245,0.01047411630189477,0.010885723649379937,0.3296799539833453,0.09043212,0.0122635355,0.011480107,0.33038062,0.09153346,0.010583228,0.010073772,0.008156916
1.0,0.08678080508401172,0.010665095295081514,0.011065286155411896,0.38864944908043964,0.08678080508401172,0.010665095295081514,0.011065286155411896,0.38864944908043964,0.08545863,0.012904009,0.011798392,0.37762737,0.08949138,0.010648927,0.010141157,0.008532614
1.2000000000000002,0.08218240967606413,0.010846882691742783,0.011223063235340152,0.35136965840564716,0.08218240967606413,0.010846882691742783,0.011223063235340152,0.35136965840564716,0.08079181,0.013531384,0.012093479,0.3418823,0.08749166,0.010716626,0.010209007,0.0089276675
1.4000000000000001,0.07828725069110595,0.011010337157261655,0.011361634168915601,0.31793241449094717,0.07828725069110595,0.011010337157261655,0.011361634168915601,0.31793241449094717,0.0768,0.0141400015,0.012368952,0.30954087,0.08553455,0.010786089,0.0102774445,0.00934276
1.6,0.07497424236058613,0.011157648938165062,0.011483841209781345,0.28767714504064557,0.07497424236058613,0.011157648938165062,0.011483841209781345,0.28767714504064557,0.07336953,0.014732647,0.012627486,0.28027904,0.083620206,0.010857435,0.010346112,0.009778811
1.8,0.072148947069925,0.011290685075245123,0.011592059284154067,0.26030104514899377,0.072148947069925,0.011290685075245123,0.011592059284154067,0.26030104514899377,0.070409186,0.015311791,0.0128713185,0.25380355,0.08174887,0.0109304255,0.010415129,0.010236265
2.0,0.06973509086937021,0.01141115544643015,0.011688286977337965,0.23553012560690292,0.06973509086937021,0.01141115544643015,0.011688286977337965,0.23553012560690292,0.0678451,0.015879665,0.013102332,0.22984912,0.07992048,0.011005298,0.010484378,0.010716037
2.2,0.0676705276476526,0.01152065283368992,0.011774216979711732,0.2131164707258491,0.0676705276476526,0.01152065283368992,0.011774216979711732,0.2131164707258491,0.06561694,0.016438304,0.013322125,0.20817567,0.078135155,0.011081816,0.01055374,0.011218683
2.4000000000000004,0.06590420969941514,0.011620669477390879,0.011851291368938156,0.19283575711433565,0.06590420969941514,0.011620669477390879,0.011851291368938156,0.19283575711433565,0.063675076,0.016989572,0.013532059,0.18856606,0.07639269,0.011160095,0.010623332,0.011744758
2.6,0.06439389288371603,0.01171259849263446,0.011920745367747447,0.17448500857399368,0.06439389288371603,0.01171259849263446,0.011920745367747447,0.17448500857399368,0.06197835,0.017535165,0.013733303,0.17082374,0.07469298,0.011239901,0.010692802,0.012295167
2.8000000000000003,0.06310438168630032,0.011797727472294002,0.011983642261799892,0.15788056464556657,0.06310438168630032,0.011797727472294002,0.011983642261799892,0.15788056464556657,0.06049244,0.018076615,0.013926865,0.15477091,0.07303604,0.011321468,0.0107621495,0.012870105
3.0,0.06200617375642447,0.011877229997164535,0.012040901477861656,0.14285624247330383,0.06200617375642447,0.011877229997164535,0.012040901477861656,0.14285624247330383,0.059188552,0.018615289,0.014113617,0.14024672,0.0714214,0.0114044435,0.010831492,0.013470354
3.2,0.061074402204506766,0.011952158894095824,0.012093321326888826,0.12926167359108467,0.061074402204506766,0.011952158894095824,0.012093321326888826,0.12926167359108467,0.058042392,0.01915239,0.014294322,0.12710561,0.06984885,0.011488943,0.010900593,0.014096218
3.4000000000000004,0.060288001789842595,0.012023443280368199,0.012141597553882767,0.11696079898426924,0.060288001789842595,0.012023443280368199,0.012141597553882767,0.11696079898426924,0.057033386,0.019688964,0.014469643,0.115215875,0.06831791,0.011574851,0.010969337,0.014748122
3.6,0.05962904518323477,0.012091889978688411,0.012186338568278436,0.10583050736534913,0.05962904518323477,0.012091889978688411,0.012186338568278436,0.10583050736534913,0.056144014,0.020225907,0.014640165,0.10445836,0.06682834,0.011662165,0.011037839,0.015426364
3.8000000000000003,0.059082209898154235,0.012158188905399372,0.012228078028611814,0.09575940303480297,0.059082209898154235,0.012158188905399372,0.012228078028611814,0.09575940303480297,0.055359308,0.020763975,0.0148064,0.094725266,0.065379426,0.011750884,0.011105866,0.016131243
4.0,0.05863434679873193,0.012222921510877269,0.012267285304692397,0.08664669099549473,0.05863434679873193,0.012222921510877269,0.012267285304692397,0.08664669099549473,0.054666422,0.021303799,0.014968804,0.085919045,0.0639709,0.011840774,0.011173416,0.016863056
4.2,0.058274128466196534,0.012286571187269703,0.012304374226326693,0.07840116816246391,0.058274128466196534,0.012286571187269703,0.012304374226326693,0.07840116816246391,0.054054305,0.021845903,0.015127779,0.077951446,0.06260204,0.011931952,0.011240491,0.017621623
4.4,0.05799176099200121,0.012349534628847731,0.012339710440391245,0.07094031057179727,0.05799176099200121,0.012349534628847731,0.012339710440391245,0.07094031057179727,0.053513404,0.022390708,0.015283683,0.07074261,0.061272237,0.012024182,0.01130697,0.018407121
4.6000000000000005,0.05777874658839114,0.012412133320661076,0.012373617630938317,0.06418944745306068,0.05777874658839114,0.012412133320661076,0.012373617630938317,0.06418944745306068,0.053035438,0.022938559,0.015436836,0.06422029,0.059980854,0.0121175805,0.011372621,0.0192196
4.800000000000001,0.057627687208093976,0.012474624558707589,0.012406382805067942,0.05808101389913116,0.057627687208093976,0.012474624558707589,0.012406382805067942,0.05808101389913116,0.052613202,0.023489725,0.015587522,0.058319114,0.058727145,0.012212031,0.011437679,0.020058643
5.0,0.05753212145147091,0.01253721161882777,0.012438260806855523,0.052553874653897145,0.05753212145147091,0.01253721161882777,0.012438260806855523,0.052553874653897145,0.05224042,0.024044419,0.015735997,0.052979942,0.05751046,0.012307413,0.011501906,0.020924183
5.2,0.05748638862161155,0.012600052867651973,0.01246947818996211,0.047552712250067096,0.05748638862161155,0.012600052867651973,0.01246947818996211,0.047552712250067096,0.051911596,0.024602808,0.01588249,0.048149258,0.056330048,0.012403728,0.011565305,0.021815801
5.4,0.057485515007560585,0.01266326974039604,0.012500236554635844,0.04302747337336424,0.057485515007560585,0.01266326974039604,0.012500236554635844,0.04302747337336424,0.05162191,0.025165016,0.016027208,0.043778643,0.055185243,0.01250086,0.011627876,0.022733197
5.6000000000000005,0.05752511842964391,0.012726953600246919,0.012530715435099857,0.03893286791213379,0.05752511842964391,0.012726953600246919,0.012530715435099857,0.03893286791213379,0.051367126,0.025731137,0.016170336,0.039824292,0.05407504,0.012598805,0.011689382,0.02367583
5.800000000000001,0.05760132783518543,0.012791171549988847,0.012561074807647545,0.03522791567868308,0.05760132783518543,0.012791171549988847,0.012561074807647545,0.03522791567868308,0.051143505,0.02630124,0.016312042,0.036246568,0.052998647,0.012697447,0.011749942,0.024642928
6.0,0.05771071533456639,0.012855971296852182,0.012591457277241225,0.03187553626578931,0.05771071533456639,0.012855971296852182,0.012591457277241225,0.03187553626578931,0.050947748,0.026875373,0.016452478,0.033009607,0.051955387,0.012796903,0.011809438,0.025634075
6.2,0.05785023855041946,0.012921385184004479,0.012621989990352526,0.028842177933520934,0.05785023855041946,0.012921385184004479,0.012621989990352526,0.028842177933520934,0.050776936,0.027453564,0.016591782,0.030080965,0.05094435,0.012896936,0.01186787,0.026648266
6.4,0.05801719154191695,0.012987433502862928,0.012652786313667518,0.02609748181214742,0.05801719154191695,0.012987433502862928,0.012652786313667518,0.02609748181214742,0.050628472,0.028035833,0.016730076,0.027431283,0.04996472,0.012997433,0.01192512,0.027684854
6.6000000000000005,0.05820916288075709,0.013054127194143896,0.012683947311700501,0.023613978060367025,0.05820916288075709,0.013054127194143896,0.012683947311700501,0.023613978060367025,0.050500054,0.028622188,0.016867476,0.025033997,0.049015567,0.013098624,0.011981189,0.028742958
6.800000000000001,0.05842399971044043,0.013121470035557156,0.012715563051001388,0.0213668109379022,0.05842399971044043,0.013121470035557156,0.012715563051001388,0.0213668109379022,0.050389633,0.029212631,0.017004084,0.022865076,0.04809608,0.013200275,0.012036078,0.029821463
7.0,0.058659776827469305,0.013189460402484794,0.01274771375425679,0.019333490040896625,0.058659776827469305,0.013189460402484794,0.01274771375425679,0.019333490040896625,0.050295375,0.029807158,0.017139994,0.020902773,0.047205426,0.013302268,0.012089668,0.03091938
7.2,0.05891476999150302,0.013258092676230477,0.012780470823980736,0.01749366521039415,0.05891476999150302,0.013258092676230477,0.012780470823980736,0.01749366521039415,0.050215654,0.03040576,0.017275292,0.019127417,0.046342768,0.013404722,0.012141959,0.032035604
7.4,0.05918743280870765,0.013327358363285238,0.012813897752515317,0.015828922861108107,0.05918743280870765,0.013327358363285238,0.012813897752515317,0.015828922861108107,0.050149005,0.031008426,0.017410057,0.017521204,0.04550716,0.013507519,0.012193071,0.03316915
7.6000000000000005,0.05947637664452688,0.013397246978947723,0.012848050932594309,0.014322601692070773,0.05947637664452688,0.013397246978947723,0.012848050932594309,0.014322601692070773,0.050094124,0.031615146,0.017544359,0.01606803,0.044697985,0.013610657,0.012242648,0.034318693
7.800000000000001,0.05978035311367886,0.01346774673972956,0.012882980380668154,0.012959625934733243,0.05978035311367886,0.01346774673972956,0.012882980380668154,0.012959625934733243,0.050049838,0.032225903,0.017678265,0.014753324,0.043914057,0.013714021,0.012291046,0.035483137
8.0,0.06009823877022511,0.013538845101289014,0.01291873038347064,0.011726354469606699,0.06009823877022511,0.013538845101289014,0.01291873038347064,0.011726354469606699,0.050015096,0.032840684,0.017811835,0.013563899,0.043154858,0.013817726,0.01233791,0.036661282
8.200000000000001,0.06042902168218268,0.013610529172101931,0.012955340076865045,0.010610444301353618,0.06042902168218268,0.013610529172101931,0.012955340076865045,0.010610444301353618,0.049988955,0.033459473,0.017945124,0.012487828,0.042419534,0.013921655,0.0123833595,0.037851583
8.4,0.060771789625875934,0.013682786027588248,0.01299284396479138,0.009600727025941893,0.060771789625875934,0.013682786027588248,0.01299284396479138,0.009600727025941893,0.049970567,0.034082256,0.018078184,0.011514316,0.04170722,0.014025691,0.012427394,0.039053194
8.6,0.06112571967708195,0.01375560294483868,0.013031272385107094,0.008687097053503411,0.06112571967708195,0.01375560294483868,0.013031272385107094,0.008687097053503411,0.04995917,0.03470902,0.018211061,0.010633599,0.041017175,0.0141299525,0.012470014,0.040264476
8.8,0.06149006901065257,0.013828967574302235,0.013070651928239205,0.007860410468194091,0.06149006901065257,0.013828967574302235,0.013070651928239205,0.007860410468194091,0.04995408,0.035339758,0.018343799,0.00983684,0.04034863,0.014234318,0.012511102,0.041484237
9.0,0.06186416674902283,0.013902868061681057,0.01311100581382,0.00711239351281078,0.06186416674902283,0.013902868061681057,0.01311100581382,0.00711239351281078,0.04995467,0.03597445,0.018476438,0.009116046,0.03970095,0.014338792,0.012550658,0.042711306
9.200000000000001,0.062247406723912976,0.013977293130727104,0.013152354229840239,0.006435559782248225,0.062247406723912976,0.013977293130727104,0.013152354229840239,0.006435559782248225,0.049960393,0.03661309,0.018609015,0.0084639825,0.03907326,0.014443256,0.012588799,0.043944404
9.4,0.06263924103546817,0.014052232135550936,0.013194714638305446,0.005823135297040574,0.06263924103546817,0.014052232135550936,0.013194714638305446,0.005823135297040574,0.049970742,0.03725567,0.018741565,0.007874106,0.03846479,0.014547942,0.012625408,0.045182023
9.600000000000001,0.06303917430976264,0.014127675089355446,0.013238102050908255,0.00526899070709804,0.06303917430976264,0.014127675089355446,0.013238102050908255,0.00526899070709804,0.049985263,0.03790218,0.01887412,0.007340495,0.037875112,0.014652618,0.012660487,0.04642323
9.8,0.06344675856959593,0.01420361267512815,0.013282529277821063,0.004767579947111109,0.06344675856959593,0.01420361267512815,0.013282529277821063,0.004767579947111109,0.050003547,0.038552612,0.019006709,0.006857792,0.03730335,0.014757401,0.012694151,0.04766654
10.0,0.06386158444946648,0.014280036114093727,0.013328007153211356,0.0047430694818829285,0.06386158444946648,0.014280036114093727,0.013328007153211356,0.0047430694818829285,0.050025225,0.03920696,0.01913936,0.023087818,0.03674896,0.014862172,0.012726166,0.04891091
10.200000000000001,0.06377398537774481,0.014352355305883139,0.013373854309027877,0.09947639948191142,0.06377398537774481,0.014352355305883139,0.013373854309027877,0.09947639948191142,0.049525656,0.039828803,0.01926967,0.11626512,0.036211275,0.014966933,0.012756769,0.05015521
10.4,0.06273739644109809,0.014436823817778268,0.013416832599681062,0.1851725504190668,0.06273739644109809,0.014436823817778268,0.013416832599681062,0.1851725504190668,0.048304126,0.040417913,0.019394184,0.20056978,0.035689637,0.015071565,0.012785839,0.05139808
10.600000000000001,0.060876395401496926,0.014539398806592784,0.01345354097635609,0.26271363436939577,0.060876395401496926,0.014539398806592784,0.01345354097635609,0.26271363436939577,0.046472292,0.040977627,0.019510467,0.27684665,0.035183493,0.015176304,0.012813379,0.052638613
10.8,0.05834603891602576,0.014650481566158528,0.013481196554855576,0.3328757085633834,0.05834603891602576,0.014650481566158528,0.013481196554855576,0.3328757085633834,0.04415916,0.04150215,0.019616583,0.34586012,0.03469229,0.015281031,0.012839389,0.053875577
11.0,0.05530574471198778,0.014759311091525645,0.013497657250877183,0.39608955040223204,0.05530574471198778,0.014759311091525645,0.013497657250877183,0.39608955040223204,0.041492723,0.041985977,0.01971111,0.39163518,0.03421548,0.015385631,0.012863868,0.05510808
11.200000000000001,0.0523011756283352,0.014861406040439106,0.01350192996798048,0.3607348698468254,0.0523011756283352,0.014861406040439106,0.01350192996798048,0.3607348698468254,0.039002433,0.042465985,0.019795379,0.35455865,0.0337525,0.015490219,0.012886934,0.05633512
11.4,0.04975764815418397,0.01495704222035078,0.013495556063335478,0.32640640823082395,0.04975764815418397,0.01495704222035078,0.013495556063335478,0.32640640823082395,0.036861464,0.042961024,0.019871667,0.32101265,0.0333028,0.015594795,0.01290847,0.057555594
11.600000000000001,0.047596192684237086,0.01504758841174948,0.01348038577409195,0.2953447316567608,0.047596192684237086,0.01504758841174948,0.01348038577409195,0.2953447316567608,0.035009664,0.04347038,0.019941363,0.290661,0.032866046,0.015699245,0.012928476,0.058768734
11.8,0.045754305391240785,0.015133721478922344,0.01345795887785913,0.2672389644253521,0.045754305391240785,0.015133721478922344,0.01345795887785913,0.2672389644253521,0.033398923,0.043993406,0.020005625,0.26319954,0.032441564,0.015803684,0.012947069,0.059973557
12.0,0.04418161037609154,0.015216070088911552,0.013429564833439642,0.24180781457152434,0.04418161037609154,0.015216070088911552,0.013429564833439642,0.24180781457152434,0.031990398,0.044529527,0.020065416,0.23835306,0.03202891,0.015907876,0.012964249,0.0611693
12.200000000000001,0.042837143500497485,0.01529523682737763,0.013396289967511644,0.21879675859988357,0.042837143500497485,0.01529523682737763,0.013396289967511644,0.21879675859988357,0.030752467,0.04507825,0.02012155,0.21587257,0.031627864,0.016012175,0.012980017,0.062355217
12.4,0.04168731750192955,0.01537180531209845,0.013359054451578149,0.19797549412802665,0.04168731750192955,0.01537180531209845,0.013359054451578149,0.19797549412802665,0.029659174,0.04563915,0.020174714,0.19553278,0.031237753,0.01611623,0.012994372,0.063530445
12.600000000000001,0.04070438369127134,0.015446337446018706,0.013318641532675033,0.17913563494288956,0.04070438369127134,0.015446337446018706,0.013318641532675033,0.17913563494288956,0.028689068,0.04621185,0.020225491,0.17712986,0.030858237,0.016220154,0.013007198,0.06469446
12.8,0.039865258154336,0.015519365445686705,0.013275720831425255,0.16208862540148813,0.039865258154336,0.015519365445686705,0.013275720831425255,0.16208862540148813,0.027824305,0.046796016,0.020274382,0.16047938,0.03048887,0.01632407,0.01301873,0.06584641
13.0,0.03915061727189588,0.015591382391100037,0.013230867056255067,0.14666385330266635,0.03915061727189588,0.015591382391100037,0.013230867056255067,0.14666385330266635,0.027049953,0.04739134,0.02032181,0.14541446,0.030129427,0.016427739,0.013028967,0.06698577
13.200000000000001,0.03854419363863099,0.01566283391541988,0.01318457514662766,0.13270694234284328,0.03854419363863099,0.01566283391541988,0.01318457514662766,0.13270694234284328,0.026353454,0.047997527,0.020368146,0.13178413,0.029779462,0.016531397,0.013037792,0.06811192
13.4,0.038032222339453615,0.015734112510092227,0.013137272612764754,0.12007820706608001,0.038032222339453615,0.015734112510092227,0.013137272612764754,0.12007820706608001,0.025724197,0.048614293,0.020413704,0.119451776,0.029438633,0.01663481,0.013045323,0.06922434
13.600000000000001,0.037603001150418626,0.015805554954930204,0.013089329658300383,0.1086512548450858,0.037603001150418626,0.015805554954930204,0.013089329658300383,0.1086512548450858,0.025153173,0.04924135,0.02045876,0.10829382,0.029106488,0.016738096,0.013051559,0.07032253
13.8,0.03724653802265198,0.01587744269818542,0.01304106753749388,0.09831172090132351,0.03724653802265198,0.01587744269818542,0.01304106753749388,0.09831172090132351,0.024632707,0.04987841,0.020503549,0.09819842,0.028782919,0.016841253,0.013056501,0.07140608
14.0,0.03695426622548447,0.01595000462105208,0.01299276549733474,0.08895612370386607,0.03695426622548447,0.01595000462105208,0.01299276549733474,0.08895612370386607,0.024156235,0.05052519,0.020548277,0.08906441,0.028467473,0.016944284,0.013060148,0.07247439
14.200000000000001,0.036718812542785306,0.01602342147373642,0.01294466657814246,0.08049082929145415,0.036718812542785306,0.01602342147373642,0.01294466657814246,0.08049082929145415,0.023718122,0.051181395,0.020593124,0.08080024,0.028159807,0.017047068,0.013062501,0.07352726
14.4,0.03653380751001806,0.016097831289280332,0.012896982487707525,0.07283111415234081,0.03653380751001806,0.016097831289280332,0.012896982487707525,0.07283111415234081,0.023313515,0.05184674,0.020638244,0.073323086,0.027859814,0.017149724,0.013063796,0.074564196
14.600000000000001,0.03639372927095842,0.016173335192098334,0.012849897719024957,0.06590031728290897,0.03639372927095842,0.016173335192098334,0.012849897719024957,0.06590031728290897,0.02293822,0.052520942,0.020683775,0.066558,0.02756704,0.017252253,0.013063796,0.07558492
14.8,0.03629377452460329,0.016250003163163607,0.012803573046879495,0.059629072938581364,0.03629377452460329,0.016250003163163607,0.012803573046879495,0.059629072938581364,0.022588603,0.053203724,0.020729832,0.06043719,0.027281253,0.017354539,0.013062619,0.076589145
15.0,0.036229751435755894,0.016327879466177,0.012758148511479005,0.05395461639813374,0.036229751435755894,0.016327879466177,0.012758148511479005,0.05395461639813374,0.022261508,0.053894818,0.020776521,0.0548993,0.027002348,0.017456578,0.013060266,0.077576585
15.200000000000001,0.03619799044179947,0.01640698755984791,0.01271374597616472,0.04882015579326928,0.03619799044179947,0.01640698755984791,0.01271374597616472,0.04882015579326928,0.02195418,0.05459396,0.020823931,0.049888827,0.026729865,0.01755849,0.013056854,0.078546956
15.4,0.0361952697013704,0.016487334414042338,0.012670471329580612,0.044174303716512514,0.0361952697013704,0.016487334414042338,0.012670471329580612,0.044174303716512514,0.021664217,0.055300906,0.02087214,0.045355543,0.026463808,0.01766004,0.0130523825,0.07950021
15.600000000000001,0.036218752564512645,0.016568914212799563,0.012628416389524895,0.03997056291876316,0.036218752564512645,0.016568914212799563,0.012628416389524895,0.03997056291876316,0.02138951,0.056015413,0.020921215,0.041254018,0.026203718,0.01776158,0.013046735,0.08043595
15.8,0.03626593494401528,0.016651711469378164,0.01258766055525113,0.0361668609491993,0.03626593494401528,0.016651711469378164,0.01258766055525113,0.0361668609491993,0.021128213,0.05673726,0.020971216,0.037543133,0.025949603,0.01786276,0.013040028,0.0813541
16.0,0.03633460086587811,0.016735703602909276,0.012548272246637083,0.03272512908004831,0.03633460086587811,0.016735703602909276,0.012548272246637083,0.03272512908004831,0.020878697,0.05746623,0.021022191,0.034185696,0.025701115,0.017963694,0.01303238,0.082254395
16.2,0.03642278479609514,0.016820863037971156,0.012510310161939285,0.029610921301964226,0.03642278479609514,0.016820863037971156,0.012510310161939285,0.029610921301964226,0.020639528,0.058202133,0.021074187,0.03114805,0.025458144,0.018064383,0.013023673,0.083137095
16.400000000000002,0.03652873959807709,0.016907158891658215,0.012473824380448304,0.026793069576788446,0.03652873959807709,0.016907158891658215,0.012473824380448304,0.026793069576788446,0.020409439,0.05894478,0.021127239,0.028399743,0.025220344,0.018164828,0.013014023,0.0840017
16.6,0.0366509091828346,0.016994558310707626,0.01243885733198176,0.024243371897348175,0.0366509091828346,0.016994558310707626,0.01243885733198176,0.024243371897348175,0.020187309,0.059693996,0.02118138,0.025913224,0.02498772,0.01826503,0.013003316,0.08484837
16.8,0.03678790508239531,0.017083027516267894,0.01240544465158819,0.02193631003228936,0.03678790508239531,0.017083027516267894,0.01240544465158819,0.02193631003228936,0.019972146,0.060449623,0.02123664,0.023663566,0.024760043,0.018364986,0.012991784,0.085676804
17.0,0.03693848631358919,0.01717253260750506,0.012373615934920049,0.01984879413104059,0.03693848631358919,0.01717253260750506,0.012373615934920049,0.01984879413104059,0.019763067,0.061211508,0.021293039,0.021628214,0.024537083,0.018464701,0.012979193,0.08648729
17.2,0.03710154201046722,0.01726304016844564,0.012343395407339251,0.017959931632827792,0.03710154201046722,0.01726304016844564,0.012343395407339251,0.017959931632827792,0.01955929,0.061979517,0.021350598,0.019786764,0.024318727,0.018564051,0.012965778,0.08727963
17.400000000000002,0.03727607639413952,0.01735451771585197,0.012314802517842343,0.016250818166903797,0.03727607639413952,0.01735451771585197,0.012314802517842343,0.016250818166903797,0.01936012,0.06275352,0.021409333,0.01812075,0.02410486,0.018663043,0.01295154,0.08805378
17.6,0.037461195722680515,0.017446934019846195,0.012287852467254208,0.014704348351252049,0.037461195722680515,0.017446934019846195,0.012287852467254208,0.014704348351252049,0.019164933,0.06353341,0.021469256,0.016613469,0.023895254,0.018761791,0.012936359,0.08880987
17.8,0.037656096924127795,0.017540259323594716,0.012262556678775433,0.013305044596173954,0.037656096924127795,0.017540259323594716,0.012262556678775433,0.013305044596173954,0.018973177,0.064319074,0.021530377,0.015249805,0.023689797,0.018860295,0.012920355,0.08954785
18.0,0.037860057665056616,0.01763446548367836,0.012238923217828499,0.012038902199369102,0.037860057665056616,0.01763446548367836,0.012238923217828499,0.012038902199369102,0.018784357,0.065110415,0.021592705,0.0140160825,0.023488374,0.01895832,0.012903645,0.09026774
18.2,0.038072427647807,0.01772952604878121,0.012216957167190878,0.010893249182167513,0.038072427647807,0.01772952604878121,0.012216957167190878,0.010893249182167513,0.018598033,0.065907344,0.021656247,0.01289993,0.02329087,0.019056104,0.012885992,0.0909697
18.400000000000002,0.038292620962838086,0.017825416290976344,0.012196660962596605,0.009856619464107909,0.038292620962838086,0.017825416290976344,0.012196660962596605,0.009856619464107909,0.018413808,0.06670978,0.021721005,0.011890152,0.02309717,0.019153526,0.0128677515,0.09165355
18.6,0.03852010935022775,0.017922113201097024,0.012178034693305334,0.008918638106550662,0.03852010935022775,0.017922113201097024,0.012178034693305334,0.008918638106550662,0.01823133,0.067517646,0.021786984,0.010976619,0.02290716,0.019250704,0.012848568,0.09231975
18.8,0.03875441624710934,0.01801959545738145,0.012161076371558133,0.00806991747680468,0.03875441624710934,0.01801959545738145,0.012161076371558133,0.00806991747680468,0.018050283,0.06833088,0.021854183,0.010150168,0.022720613,0.019347407,0.012828797,0.092968024
19.0,0.038995111516716634,0.018117843374694756,0.012145782174344897,0.007301963293544214,0.038995111516716634,0.018117843374694756,0.012145782174344897,0.007301963293544214,0.017870381,0.06914941,0.021922603,0.009402506,0.022537524,0.019443749,0.012808318,0.09359862
19.200000000000003,0.03924180677040408,0.018216838840097248,0.012132146660485198,0.006607089613186322,0.03924180677040408,0.018216838840097248,0.012132146660485198,0.006607089613186322,0.017691372,0.0699732,0.021992244,0.008726131,0.022357782,0.019539729,0.012787133,0.09421178
19.400000000000002,0.03949415120709376,0.018316565239284027,0.012120162965660985,0.005978341906384213,0.03949415120709376,0.018316565239284027,0.012120162965660985,0.005978341906384213,0.017513026,0.07080219,0.0220631,0.008114256,0.022181276,0.019635234,0.012765243,0.09480733
19.6,0.03975182790554242,0.01841700737741708,0.012109822977726347,0.005409427454759985,0.03975182790554242,0.01841700737741708,0.012109822977726347,0.005409427454759985,0.017335135,0.071636334,0.022135174,0.0075607384,0.022007884,0.019730495,0.012742762,0.09538562
19.8,0.04001455051399724,0.01851815139706437,0.012101117494348702,0.004894652371264112,0.04001455051399724,0.01851815139706437,0.012101117494348702,0.004894652371264112,0.01715752,0.0724756,0.022208458,0.0070600216,0.021837614,0.019825282,0.012719575,0.09594667
20.0,0.04028136220258804,0.018619951532215455,0.012094036324473003,0.004690186454042358,0.04028136220258804,0.018619951532215455,0.012094036324473003,0.004690186454042358,0.016980011,0.07331994,0.022282949,0.023273746,0.02167023,0.019919591,0.012695799,0.09649075
20.200000000000003,0.04030327457796247,0.01871329934106018,0.012088295881505205,0.09788639951936463,0.04030327457796247,0.01871329934106018,0.012088295881505205,0.09788639951936463,0.016625594,0.07408132,0.022356655,0.116436295,0.021505618,0.02001354,0.012671433,0.09701776
20.400000000000002,0.039664803808807964,0.018794070004954547,0.012081733477285535,0.1837338589582651,0.039664803808807964,0.018794070004954547,0.012081733477285535,0.1837338589582651,0.016030852,0.07472841,0.022427628,0.20072764,0.021343894,0.020107131,0.012646596,0.097528055
20.6,0.038503265741106726,0.018870620661209748,0.012072015190138065,0.26141185250264065,0.038503265741106726,0.018870620661209748,0.012072015190138065,0.26141185250264065,0.015238247,0.075270444,0.022494826,0.2769925,0.021184832,0.020200128,0.0126210535,0.09802178
20.8,0.03691619980365619,0.018938424467557325,0.012057298259375036,0.3316978076202115,0.03691619980365619,0.018938424467557325,0.012057298259375036,0.3316978076202115,0.014294944,0.07571337,0.022557423,0.3459952,0.021028427,0.020292766,0.012595038,0.09849893
21.0,0.0350042138767806,0.01899204524377003,0.012036151143509182,0.39502374155410647,0.0350042138767806,0.01899204524377003,0.012036151143509182,0.39502374155410647,0.013246631,0.07606297,0.022614794,0.39176053,0.020874567,0.020384928,0.012568551,0.09895978
21.200000000000003,0.03311269686959894,0.019038760179030664,0.012007887171707107,0.3597704861205767,0.03311269686959894,0.019038760179030664,0.012007887171707107,0.3597704861205767,0.012264857,0.076416716,0.022668432,0.3546753,0.020723134,0.020476615,0.012541475,0.09940454
21.400000000000002,0.0315112844619876,0.019088419407795622,0.011973477905661592,0.32553379774996094,0.0315112844619876,0.019088419407795622,0.011973477905661592,0.32553379774996094,0.011403025,0.076817974,0.022719756,0.32112145,0.02057425,0.020567942,0.012513927,0.09983337
21.6,0.03015038364424804,0.019141181927913316,0.011934103129310187,0.29455516104229845,0.03015038364424804,0.019141181927913316,0.011934103129310187,0.29455516104229845,0.010639736,0.077262715,0.022769338,0.29076278,0.02042756,0.02065868,0.012485908,0.10024636
21.8,0.028990727231314593,0.01919686170122423,0.011890744706186673,0.2665245313891982,0.028990727231314593,0.01919686170122423,0.011890744706186673,0.2665245313891982,0.009957872,0.077747345,0.022817656,0.26329502,0.020283304,0.02074894,0.012457535,0.10064389
22.0,0.028000653283671455,0.01925531167391119,0.0118442246427284,0.24116136882772507,0.028000653283671455,0.01925531167391119,0.0118442246427284,0.24116136882772507,0.00934362,0.07826865,0.022865115,0.2384429,0.020141128,0.020838724,0.012428572,0.101025954
22.200000000000003,0.02715440478069756,0.01931642871474548,0.011795234997799236,0.2182118303021582,0.02715440478069756,0.01931642871474548,0.011795234997799236,0.2182118303021582,0.0087857405,0.07882377,0.022912052,0.21595733,0.020001154,0.02092792,0.012399255,0.10139279
22.400000000000002,0.02643085512915475,0.01938015042991425,0.011744361359437554,0.19744622911737164,0.02643085512915475,0.01938015042991425,0.011744361359437554,0.19744622911737164,0.008275022,0.079410136,0.022958754,0.19561298,0.01986338,0.021016637,0.012369466,0.10174464
22.6,0.025812544229710084,0.01944644688392015,0.011692101434617096,0.17865673615718733,0.025812544229710084,0.01944644688392015,0.011692101434617096,0.17865673615718733,0.007803865,0.08002545,0.023005465,0.17720595,0.019727575,0.021104882,0.012339323,0.10208149
22.8,0.025284942607359882,0.01951530997376686,0.011638879891241852,0.16165529986072869,0.025284942607359882,0.01951530997376686,0.011638879891241852,0.16165529986072869,0.007365963,0.08066764,0.023052396,0.16055177,0.019593854,0.021192651,0.012308827,0.10240383
23.0,0.024835884120780923,0.019586742669192185,0.01158506030055926,0.1462717641391928,0.024835884120780923,0.019586742669192185,0.01158506030055926,0.1462717641391928,0.0069560558,0.08133482,0.023099722,0.14548354,0.019461986,0.021279829,0.012277857,0.10271164
23.200000000000003,0.02445512416155245,0.019660749642154852,0.011530954817597281,0.13235216539652256,0.02445512416155245,0.019660749642154852,0.011530954817597281,0.13235216539652256,0.006569735,0.082025304,0.023147598,0.13185023,0.019332089,0.021366417,0.012246652,0.103005275
23.400000000000002,0.024133992046483366,0.01973733010714231,0.011476832083279462,0.11975719160998945,0.024133992046483366,0.01973733010714231,0.011476832083279462,0.11975719160998945,0.0062032905,0.082737535,0.023196151,0.11951521,0.019204047,0.02145253,0.0122149745,0.10328484
23.6,0.023865114810774503,0.01981647310232434,0.01142292371819191,0.10836078804864453,0.023865114810774503,0.01981647310232434,0.01142292371819191,0.10836078804864453,0.005853591,0.083470106,0.023245495,0.10835485,0.01907774,0.02153805,0.012183061,0.103550576
23.8,0.023642195730038236,0.019898155025894575,0.0113694296932362,0.09804889567520393,0.023642195730038236,0.019898155025894575,0.0113694296932362,0.09804889567520393,0.0055179815,0.08422172,0.023295723,0.0982573,0.018953292,0.021622984,0.0121507915,0.103802584
24.0,0.02345983528644252,0.019982339009557946,0.011316522798674894,0.08871830960486707,0.02345983528644252,0.019982339009557946,0.011316522798674894,0.08871830960486707,0.0051942063,0.08499121,0.023346918,0.08912136,0.01883058,0.021707442,0.012118287,0.10404111
24.200000000000003,0.023313385431576707,0.020068975629822544,0.011264352384759773,0.08027564619614125,0.023313385431576707,0.020068975629822544,0.011264352384759773,0.08027564619614125,0.004880342,0.08577749,0.02339915,0.08085545,0.018709494,0.021791307,0.0120854275,0.10426648
24.400000000000002,0.023198830245866484,0.020158004479082985,0.01121304751022624,0.07263640843597104,0.023198830245866484,0.020158004479082985,0.01121304751022624,0.07263640843597104,0.004574746,0.086579576,0.023452478,0.073376745,0.01859003,0.021874469,0.012052214,0.1044788
24.6,0.02311268771539792,0.020249356195636177,0.011162719606552836,0.06572414026523052,0.02311268771539792,0.020249356195636177,0.011162719606552836,0.06572414026523052,0.0042760093,0.087396555,0.023506952,0.06661027,0.018472306,0.021957155,0.012018881,0.104678184
24.8,0.023051928530765684,0.02034295464886496,0.01111346474391619,0.05946966138078641,0.023051928530765684,0.02034295464886496,0.01111346474391619,0.05946966138078641,0.003982924,0.08822761,0.023562616,0.06048821,0.018356092,0.022039253,0.011985194,0.10486508
25.0,0.023013908690978142,0.020438719070043045,0.011065365567667981,0.053810374855772086,0.023013908690978142,0.020438719070043045,0.011065365567667981,0.053810374855772086,0.0036944493,0.08907197,0.023619505,0.054949198,0.018241385,0.02212076,0.0119512705,0.10503939
25.200000000000003,0.022996313358905143,0.020536565998880697,0.011018492960769259,0.048689640648503965,0.022996313358905143,0.020536565998880697,0.011018492960769259,0.048689640648503965,0.0034096888,0.08992894,0.023677647,0.04993772,0.018128186,0.02220168,0.01191711,0.10520155
25.400000000000002,0.02299710992449179,0.020636410977150996,0.0109729074770763,0.04405620872990736,0.02299710992449179,0.020636410977150996,0.0109729074770763,0.04405620872990736,0.003127868,0.09079789,0.02373707,0.045403544,0.018016499,0.022282008,0.011882712,0.10535166
25.6,0.023014508629504573,0.0207381699641854,0.01092866058203067,0.039863706155999386,0.023014508629504573,0.0207381699641854,0.01092866058203067,0.039863706155999386,0.0028483174,0.09167824,0.02379779,0.041301217,0.017906202,0.02236163,0.011848078,0.10548993
25.8,0.02304692942138559,0.02084176047753541,0.010885795730671386,0.03607017295187953,0.02304692942138559,0.02084176047753541,0.010885795730671386,0.03607017295187953,0.002570457,0.09256945,0.023859825,0.037589617,0.017797416,0.02244078,0.0118132075,0.105616614
26.0,0.023092973953780023,0.02094710247911927,0.010844349307583155,0.03263764216219761,0.023092973953780023,0.02094710247911927,0.010844349307583155,0.03263764216219761,0.0022937842,0.093471035,0.023923187,0.03423154,0.017689906,0.022519225,0.011778217,0.105731815
26.200000000000003,0.023151401851773352,0.021054119035959638,0.01080435144913331,0.029531759865103476,0.023151401851773352,0.021054119035959638,0.01080435144913331,0.029531759865103476,0.0020178624,0.094382554,0.023987886,0.031193325,0.017583791,0.02259708,0.01174299,0.10583584
26.400000000000002,0.02322111052139127,0.021162736787863554,0.01076582676490983,0.02672144134665072,0.02322111052139127,0.021162736787863554,0.01076582676490983,0.02672144134665072,0.0017423129,0.0953036,0.024053928,0.028444512,0.017478952,0.02267423,0.011707645,0.10592881
26.6,0.02330111791347916,0.021272886254155045,0.010728794972481644,0.024178559994531255,0.02330111791347916,0.021272886254155045,0.010728794972481644,0.024178559994531255,0.0014668063,0.09623381,0.024121316,0.025957543,0.01737551,0.022750791,0.011672062,0.10601083
26.8,0.023390547757879743,0.021384502009318563,0.010693271457327527,0.021877665797485946,0.023390547757879743,0.021384502009318563,0.010693271457327527,0.021877665797485946,0.0011910561,0.097172834,0.024190055,0.023707487,0.017273227,0.022826767,0.011636361,0.10608235
27.0,0.023488616869731575,0.021497522754152378,0.010659267767916652,0.019795730633037873,0.023488616869731575,0.021497522754152378,0.010659267767916652,0.019795730633037873,0.00091481314,0.09812037,0.024260145,0.021671783,0.017172223,0.02290215,0.011600539,0.10614345
27.200000000000003,0.02359462419957948,0.02161189130541307,0.010626792054391052,0.017911917794302575,0.02359462419957948,0.02161189130541307,0.010626792054391052,0.017911917794302575,0.00063786074,0.09907614,0.024331585,0.01983002,0.017072499,0.02297683,0.011564481,0.10619437
27.400000000000002,0.02370794135590911,0.021727554523349516,0.010595849458033532,0.016207373449222257,0.02370794135590911,0.021727554523349516,0.010595849458033532,0.016207373449222257,0.00036001013,0.10003988,0.024404371,0.018163731,0.016973935,0.023050807,0.011528421,0.10623511
27.6,0.02382800437517073,0.02184446319319731,0.010566442457653005,0.014665037945077416,0.02382800437517073,0.02184446319319731,0.010566442457653005,0.014665037945077416,8.109721e-05,0.10101136,0.0244785,0.016656209,0.016876535,0.023124194,0.011492126,0.10626609
27.8,0.023954306552336425,0.02196257187373901,0.010538571178142607,0.01326947506974862,0.023954306552336425,0.02196257187373901,0.010538571178142607,0.01326947506974862,0.0,0.10199033,0.024554256,0.015292333,0.016780298,0.023196993,0.01145571,0.10628731
28.0,0.024086392176147928,0.022081838723466887,0.010512233665732023,0.012006717560917337,0.024086392176147928,0.022081838723466887,0.010512233665732023,0.012006717560917337,0.0,0.1029765,0.024632396,0.014058438,0.016685223,0.02326909,0.011419175,0.10629911
28.200000000000003,0.024223851038754178,0.02220222531270664,0.010487426133838384,0.010864127317010103,0.024223851038754178,0.02220222531270664,0.010487426133838384,0.010864127317010103,0.0,0.10396969,0.024712952,0.01294215,0.016591195,0.023340482,0.011382639,0.10630156
28.400000000000002,0.024366313610454333,0.022323696428242817,0.010464143182899259,0.009830268910830255,0.024366313610454333,0.022323696428242817,0.010464143182899259,0.009830268910830255,0.0,0.10496974,0.024795897,0.011932271,0.016498214,0.023411287,0.011345866,0.10629503
28.6,0.024513446787596982,0.022446219875489972,0.01044237799712983,0.008894795139958864,0.024513446787596982,0.022446219875489972,0.01044237799712983,0.008894795139958864,0.0,0.10597649,0.024881212,0.011018668,0.016406396,0.023481388,0.011309092,0.10627949
28.8,0.024664950136020793,0.022569766282034286,0.01042212252077077,0.008048343468475237,0.024664950136020793,0.022569766282034286,0.01042212252077077,0.008048343468475237,0.0,0.106989816,0.024968872,0.010192175,0.016315624,0.023550784,0.0112721985,0.10625526
29.0,0.024820552564307208,0.022694308905386623,0.01040336761607263,0.007282442323550531,0.024820552564307208,0.022694308905386623,0.01040336761607263,0.007282442323550531,0.0,0.108009584,0.025058854,0.009444497,0.016225783,0.023619596,0.011235303,0.10622246
29.200000000000003,0.024980009370997504,0.022819823447001685,0.010386103204987602,0.006589426309099514,0.024980009370997504,0.022819823447001685,0.010386103204987602,0.006589426309099514,0.0,0.10903568,0.025151137,0.008768128,0.01613699,0.023687704,0.011198289,0.1061814
29.400000000000002,0.02514309961816593,0.022946287873994175,0.010370318396303051,0.005962359487920171,0.02514309961816593,0.022946287873994175,0.010370318396303051,0.005962359487920171,0.0,0.110068,0.025245698,0.008156281,0.016049245,0.023755224,0.011161156,0.10613209
29.6,0.025309623790630793,0.023073682249493247,0.010356001599747058,0.005394965964502875,0.025309623790630793,0.023073682249493247,0.010356001599747058,0.005394965964502875,0.0,0.11110646,0.025342513,0.0076028104,0.015962433,0.023822041,0.011124021,0.106074624
29.8,0.025479401705864456,0.023201988572195048,0.010343140628419439,0.0048815670737587915,0.025479401705864456,0.023201988572195048,0.010343140628419439,0.0048815670737587915,0.0,0.112150975,0.025441563,0.0071021584,0.015876666,0.023888156,0.011086885,0.10600955
30.0,0.02565182618539515,0.023331144908813,0.01033172276371998,0.004678348982940468,0.02565182618539515,0.023331144908813,0.01033172276371998,0.004678348982940468,0.0,0.113201454,0.025542824,0.023315962,0.015791714,0.023953568,0.011049629,0.10593674
30.200000000000003,0.02566830920496066,0.023446650027390218,0.010321552058805217,0.09787543743906867,0.02566830920496066,0.023446650027390218,0.010321552058805217,0.09787543743906867,0.0,0.11411447,0.025644474,0.11647862,0.015707694,0.024018394,0.011012373,0.10585632
30.400000000000002,0.025264151978198843,0.023531408108845322,0.010311172015585839,0.18372394005783374,0.025264151978198843,0.023531408108845322,0.010311172015585839,0.18372394005783374,0.0,0.114831574,0.02574516,0.20077008,0.015624724,0.024082517,0.010975114,0.10576859
30.6,0.024526652157603385,0.02359466296176023,0.010299008215131399,0.2614028775103845,0.024526652157603385,0.02359466296176023,0.010299008215131399,0.2614028775103845,0.0,0.115368955,0.025844371,0.2770351,0.015542568,0.024145938,0.010937736,0.105673686
30.8,0.023517829565418143,0.023635274405809693,0.010283810487965846,0.3316896867113915,0.023517829565418143,0.023635274405809693,0.010283810487965846,0.3316896867113915,0.0,0.1157422,0.02594164,0.34603792,0.015461226,0.024208775,0.010900475,0.105571896
31.0,0.022301698901345042,0.02365142863473433,0.010264598470642518,0.3950163934519544,0.022301698901345042,0.02365142863473433,0.010264598470642518,0.3950163934519544,0.0,0.115966156,0.026036557,0.39180347,0.015380817,0.024270907,0.0108630955,0.10546322
31.200000000000003,0.021098284408660687,0.02365992887846103,0.010240887655097378,0.3597638372828471,0.021098284408660687,0.02365992887846103,0.010240887655097378,0.3597638372828471,0.0,0.116200715,0.026130566,0.35471845,0.015301224,0.024332337,0.010825713,0.105347894
31.400000000000002,0.020079436149991622,0.02367869132333184,0.010213313470362615,0.3255277816327966,0.020079436149991622,0.02367869132333184,0.010213313470362615,0.3255277816327966,0.0,0.11651515,0.02622469,0.32116488,0.015222563,0.024393067,0.010788331,0.105226
31.6,0.01921362104117044,0.02370697582677831,0.010182657113895486,0.29454971743437686,0.01921362104117044,0.02370697582677831,0.010182657113895486,0.29454971743437686,0.0,0.11690205,0.026319142,0.29080647,0.015144601,0.024453212,0.010750946,0.10509778
31.8,0.018475868611161878,0.023743933263796143,0.010149570237523746,0.2665196058090616,0.018475868611161878,0.023743933263796143,0.010149570237523746,0.2665196058090616,0.0,0.11735482,0.026414119,0.263339,0.015067573,0.024512539,0.01071356,0.1049634
32.0,0.01784604216817184,0.023788820955247914,0.01011459956425908,0.24115691197851194,0.01784604216817184,0.023788820955247914,0.01011459956425908,0.24115691197851194,0.0,0.117867574,0.026509786,0.23848718,0.014991242,0.024571279,0.01067629,0.1048229
32.2,0.01730775864237237,0.023840995512656157,0.010078206267835272,0.21820779757822356,0.01730775864237237,0.023840995512656157,0.010078206267835272,0.21820779757822356,0.0,0.118435055,0.026606297,0.21600191,0.014915846,0.024629436,0.010638902,0.104676574
32.4,0.016847578809943354,0.023899902008258228,0.01004078122020159,0.19744258015785926,0.016847578809943354,0.023899902008258228,0.01004078122020159,0.19744258015785926,0.0,0.11905256,0.026703788,0.19565786,0.01484103,0.024686774,0.010601511,0.104524426
32.6,0.016454394746316877,0.02396506114882285,0.01000265709486758,0.1786534344420833,0.016454394746316877,0.02396506114882285,0.01000265709486758,0.1786534344420833,0.0,0.119715855,0.026802378,0.17725115,0.01476715,0.024743527,0.010564238,0.10436668
32.800000000000004,0.016118962144495,0.024036055999666912,0.009964118054956445,0.1616523123453585,0.016118962144495,0.024036055999666912,0.009964118054956445,0.1616523123453585,0.0,0.12042115,0.02690217,0.16059728,0.014693969,0.024799582,0.010526963,0.10420354
33.0,0.01583353973008559,0.02411251950259147,0.009925407569243658,0.14626906092349917,0.01583353973008559,0.02411251950259147,0.009925407569243658,0.14626906092349917,0.0,0.12116502,0.027003264,0.14552936,0.014621487,0.024855051,0.010489686,0.104035094
33.2,0.015591608409102665,0.02419412362212355,0.009886734765069785,0.13234971942581392,0.015591608409102665,0.02419412362212355,0.009886734765069785,0.13234971942581392,0.0,0.12194439,0.02710574,0.13189635,0.014549704,0.024909701,0.010452527,0.10386126
33.4,0.015387650270048061,0.02428057053133416,0.009848279628682182,0.11975497840416903,0.015387650270048061,0.02428057053133416,0.009848279628682182,0.11975497840416903,0.0,0.12275648,0.027209671,0.11956163,0.01447874,0.024963884,0.010415365,0.103682555
33.6,0.015216972961693569,0.024371585890786186,0.009810197290883577,0.10835878545720418,0.015216972961693569,0.024371585890786186,0.009810197290883577,0.10835878545720418,0.0,0.123598784,0.027315125,0.10840157,0.014408475,0.02501725,0.010378203,0.10349897
33.800000000000004,0.01507556885483818,0.024466914024793705,0.009772621581640014,0.09804708365553547,0.01507556885483818,0.024466914024793705,0.009772621581640014,0.09804708365553547,0.0,0.12446902,0.027422158,0.09830432,0.014338792,0.025069917,0.010341157,0.10331054
34.0,0.014960001182943746,0.024566314663695202,0.009735667996481328,0.08871667002166897,0.014960001182943746,0.024566314663695202,0.009735667996481328,0.08871667002166897,0.0,0.12536514,0.02753082,0.08916867,0.014269928,0.025122,0.010304109,0.103117436
34.2,0.01486731134944823,0.02466956087934785,0.009699436186547564,0.0802741626399136,0.01486731134944823,0.02466956087934785,0.009699436186547564,0.0802741626399136,0.0,0.12628528,0.027641153,0.08090306,0.014201764,0.025173496,0.010267179,0.10291988
34.4,0.014794943017106418,0.0247764378631331,0.009664012060445652,0.07263506605878463,0.014794943017106418,0.0247764378631331,0.009664012060445652,0.07263506605878463,0.0,0.12722775,0.027753199,0.073424645,0.014134183,0.025224179,0.010230247,0.10271799
34.6,0.014740679624492227,0.024886742251961278,0.009629469567840911,0.065722925632123,0.014740679624492227,0.024886742251961278,0.009629469567840911,0.065722925632123,0.0,0.12819102,0.027866988,0.06665846,0.014067303,0.025274277,0.0101933135,0.10251175
34.800000000000004,0.014702592726812373,0.025000281775485363,0.009595872220574649,0.05946856233530143,0.014702592726812373,0.025000281775485363,0.009595872220574649,0.05946856233530143,0.0,0.12917371,0.027982548,0.06053669,0.014001005,0.025323791,0.010156496,0.10230138
35.0,0.014678999116243681,0.025116875062658084,0.009563274396081475,0.05380938039829325,0.014678999116243681,0.025116875062658084,0.009563274396081475,0.05380938039829325,0.0,0.13017455,0.028099906,0.054997973,0.0139354095,0.025372606,0.010119797,0.1020872
35.2,0.014668425098527947,0.025236351500624442,0.009531722459242642,0.04868874082616645,0.014668425098527947,0.025236351500624442,0.009531722459242642,0.04868874082616645,0.0,0.13119239,0.02821908,0.049986787,0.013870398,0.025420722,0.010083095,0.10186888
35.4,0.014669576626447012,0.025358551081390148,0.009501255732003005,0.04405539453698686,0.014669576626447012,0.025358551081390148,0.009501255732003005,0.04405539453698686,0.0,0.13222617,0.028340086,0.0454529,0.013806086,0.025468254,0.010046511,0.101646855
35.6,0.014681314243428755,0.025483324202288198,0.009471907334683352,0.03986296944377934,0.014681314243428755,0.025483324202288198,0.009471907334683352,0.03986296944377934,0.0,0.13327497,0.028462939,0.04135086,0.013742358,0.025515085,0.010010042,0.10142112
35.800000000000004,0.014702631989977523,0.025610531406876018,0.0094437049186213,0.036069506347096436,0.014702631989977523,0.025610531406876018,0.0094437049186213,0.036069506347096436,0.0,0.13433792,0.02858765,0.03763955,0.013679215,0.02556122,0.0099735735,0.10119199
36.0,0.014732639584525,0.025740043065812377,0.009416671306331965,0.032637038993246874,0.014732639584525,0.025740043065812377,0.009416671306331965,0.032637038993246874,0.0,0.13541421,0.028714228,0.034281764,0.013616655,0.025606768,0.00993722,0.10095925
36.2,0.014770547317741113,0.02587173900461994,0.009390825052609433,0.029531214095267447,0.014770547317741113,0.02587173900461994,0.009390825052609433,0.029531214095267447,0.0,0.13650315,0.028842678,0.031243837,0.013554797,0.025651736,0.009900984,0.10072322
36.4,0.014815653202036542,0.026005508088804374,0.009366180937749423,0.026720947513681488,0.014815653202036542,0.026005508088804374,0.009366180937749423,0.026720947513681488,0.0,0.13760406,0.028973004,0.028495312,0.013493406,0.025696004,0.009864747,0.10048402
36.6,0.01486733200101035,0.026141247777926268,0.00934275040225239,0.024178113155982388,0.01486733200101035,0.026141247777926268,0.00934275040225239,0.024178113155982388,0.0,0.13871637,0.029105209,0.026008632,0.013432716,0.025739687,0.009828626,0.10024173
36.800000000000004,0.014925025830879868,0.026278863659883064,0.00932054193087878,0.02187726148124707,0.014925025830879868,0.026278863659883064,0.00932054193087878,0.02187726148124707,0.0,0.13983953,0.029239293,0.023758864,0.013372494,0.025782673,0.009792622,0.09999637
37.0,0.01498823608056497,0.026418268975523917,0.009299561392707533,0.019795364792576247,0.01498823608056497,0.026418268975523917,0.009299561392707533,0.019795364792576247,0.0,0.14097305,0.029375255,0.02172345,0.013312856,0.025825076,0.009756617,0.09974825
37.2,0.01505651644153921,0.026559384142227575,0.009279812342842352,0.017911586768163863,0.01505651644153921,0.026559384142227575,0.009279812342842352,0.017911586768163863,0.0,0.14211647,0.029513093,0.019881977,0.013253802,0.025866896,0.009720847,0.099497154
37.4,0.015129466874768023,0.026702136283493612,0.00926129629057678,0.016207073924385633,0.015129466874768023,0.026702136283493612,0.00926129629057678,0.016207073924385633,0.0,0.14326939,0.029652804,0.018215979,0.013195216,0.025908018,0.009685075,0.099243395
37.6,0.015206728371605251,0.026846458770087362,0.009244012938135477,0.014664766923797576,0.015206728371605251,0.026846458770087362,0.009244012938135477,0.014664766923797576,0.0,0.14443143,0.029794384,0.016708747,0.013137214,0.02594844,0.00964942,0.098987
37.800000000000004,0.015287978389681134,0.026992290776920135,0.009227960393529543,0.013269229839553507,0.015287978389681134,0.026992290776920135,0.009227960393529543,0.013269229839553507,0.0,0.14560224,0.029937826,0.015345164,0.013079798,0.025988398,0.009613882,0.09872815
38.0,0.01537292686460972,0.02713957685867322,0.009213135360577327,0.012006495667460787,0.01537292686460972,0.02713957685867322,0.009213135360577327,0.012006495667460787,0.0,0.14678152,0.030083125,0.014111551,0.013022848,0.026027655,0.009578461,0.09846685
38.2,0.01546131271459482,0.027288266546192045,0.009199533308732244,0.010863926539507796,0.01546131271459482,0.027288266546192045,0.009199533308732244,0.010863926539507796,0.0,0.14796898,0.030230274,0.012995534,0.0129663665,0.026066333,0.009543157,0.09820323
38.400000000000006,0.015552900768386186,0.027438313964874516,0.009187148625012171,0.009830087239833448,0.015552900768386186,0.027438313964874516,0.009187148625012171,0.009830087239833448,0.0,0.14916435,0.030379266,0.011985913,0.01291047,0.026104426,0.009507969,0.09793725
38.6,0.01564747905806797,0.027589677475637685,0.009175974750030362,0.008894630757243198,0.01564747905806797,0.027589677475637685,0.009175974750030362,0.008894630757243198,0.0,0.15036741,0.030530091,0.011072559,0.012855159,0.026141822,0.00947278,0.09766927
38.800000000000004,0.01574485642728304,0.027742319338545818,0.009166004299876313,0.008048194728843208,0.01574485642728304,0.027742319338545818,0.009166004299876313,0.008048194728843208,0.0,0.15157793,0.030682743,0.010246306,0.012800198,0.026178751,0.009437826,0.09739915
39.0,0.015844860413059905,0.027896205398800937,0.009157229175379911,0.007282307738365937,0.015844860413059905,0.027896205398800937,0.009157229175379911,0.007282307738365937,0.0,0.15279572,0.03083721,0.009498859,0.012745823,0.026214983,0.009402871,0.09712703
39.2,0.01594733536569757,0.028051304794512136,0.009149640660107181,0.006589304531388579,0.01594733536569757,0.028051304794512136,0.009149640660107181,0.006589304531388579,0.0,0.1540206,0.030993484,0.008822715,0.012691915,0.026250632,0.009368151,0.09685297
39.400000000000006,0.016052140776406817,0.02820758968545477,0.009143229508276483,0.0059622492988906225,0.016052140776406817,0.02820758968545477,0.009143229508276483,0.0059622492988906225,0.0,0.15525238,0.031151555,0.008211084,0.012638475,0.0262857,0.00933343,0.09657712
39.6,0.016159149786791626,0.028365035001889687,0.009137986023646048,0.005394866261345891,0.016159149786791626,0.028365035001889687,0.009137986023646048,0.005394866261345891,0.0,0.15649094,0.031311415,0.007657824,0.012585503,0.026320187,0.009298826,0.096299574
39.800000000000004,0.016268247857932003,0.028523618212422004,0.009133900130303898,0.004881476858611647,0.016268247857932003,0.028523618212422004,0.009133900130303898,0.004881476858611647,0.0,0.15773612,0.03147305,0.0071573774,0.012533116,0.026354091,0.009264456,0.09602032
40.0,0.016379047782616958,0.02868326035993379,0.009130961417299218,0.004678267370779379,0.016379047782616958,0.02868326035993379,0.009130961417299218,0.004678267370779379,0.0,0.1589878,0.031636454,0.023371384,0.012481081,0.026387414,0.009230086,0.09573947
40.2,0.016390283086097763,0.0288242489560154,0.009129031452709125,0.09787536186214556,0.016390283086097763,0.0288242489560154,0.009129031452709125,0.09787536186214556,0.0,0.16004351,0.031799722,0.11653423,0.012429514,0.026420038,0.009195832,0.09545714
40.400000000000006,0.016132898349020174,0.028918276086645076,0.009127090237355612,0.1837238716730072,0.016132898349020174,0.028918276086645076,0.009127090237355612,0.1837238716730072,0.0,0.16082151,0.031961206,0.20082587,0.012378415,0.026452197,0.009161813,0.095173314
40.6,0.015662592698314336,0.028975947913188124,0.00912403218949067,0.26140281563323325,0.015662592698314336,0.028975947913188124,0.00912403218949067,0.26140281563323325,0.0,0.1613456,0.032120097,0.27709106,0.012327785,0.026483776,0.009127793,0.094888106
40.800000000000004,0.0150189380433363,0.028998625141603993,0.009118972837386899,0.33168963072263086,0.0150189380433363,0.028998625141603993,0.009118972837386899,0.33168963072263086,0.0,0.16163857,0.03227568,0.34609407,0.012277622,0.026514888,0.009094009,0.094601616
41.0,0.014242793148153018,0.02898712793860416,0.009111209654297028,0.3950163427912446,0.014242793148153018,0.02898712793860416,0.009111209654297028,0.3950163427912446,0.0,0.16172206,0.032427315,0.39185977,0.01222781,0.026545303,0.009060223,0.09431386
41.2,0.013474668268215133,0.028966808885475627,0.009100382470245569,0.3597637914431905,0.013474668268215133,0.028966808885475627,0.009100382470245569,0.3597637914431905,0.0,0.16182086,0.03257634,0.3547749,0.012178468,0.026575137,0.009026673,0.094024934
41.400000000000006,0.012824333729818107,0.028963102583090237,0.00908692243780461,0.32552774015535957,0.012824333729818107,0.028963102583090237,0.00908692243780461,0.32552774015535957,0.0,0.16203187,0.03272392,0.3212214,0.012129593,0.026604505,0.00899312,0.09373496
41.6,0.012271670901555589,0.02897452799376489,0.009071369218516104,0.29454967990404024,0.012271670901555589,0.02897452799376489,0.009071369218516104,0.29454967990404024,0.0,0.16234437,0.032870416,0.2908631,0.012081188,0.026633294,0.008959804,0.093443915
41.800000000000004,0.011800747085021764,0.028999667050714106,0.009054175309519718,0.26651957185020825,0.011800747085021764,0.028999667050714106,0.009054175309519718,0.26651957185020825,0.0,0.16274878,0.03301616,0.2633957,0.012033133,0.026661498,0.008926604,0.09315191
42.0,0.01139871290763617,0.029037267239519736,0.009035722256211128,0.24115688125127116,0.01139871290763617,0.029037267239519736,0.009035722256211128,0.24115688125127116,0.0,0.16323662,0.033161446,0.23854393,0.01198543,0.026689239,0.0088935215,0.09285896
42.2,0.011055113528429276,0.029086224757331764,0.00901633345565405,0.21820776977506634,0.011055113528429276,0.029086224757331764,0.00901633345565405,0.21820776977506634,0.0,0.16380027,0.03330654,0.21605873,0.011938196,0.026716402,0.008860556,0.092565164
42.400000000000006,0.010761372208198169,0.029145567102074565,0.008996284271139146,0.19744255500052157,0.010761372208198169,0.029145567102074565,0.008996284271139146,0.19744255500052157,0.0,0.16443293,0.03345167,0.19571474,0.011891429,0.02674298,0.008827708,0.09227062
42.6,0.010510399626657759,0.029214435869614943,0.008975810095199974,0.17865341167878346,0.010510399626657759,0.029214435869614943,0.008975810095199974,0.17865341167878346,0.0,0.16512851,0.03359705,0.17730808,0.011845015,0.026768979,0.008794976,0.09197523
42.800000000000004,0.010296295570892509,0.029292070506946967,0.008955112832109377,0.16165229174827309,0.010296295570892509,0.029292070506946967,0.008955112832109377,0.16165229174827309,0.0,0.16588156,0.033742864,0.16065428,0.011798953,0.026794625,0.008762481,0.091679215
43.0,0.01011411891883201,0.029377793619513367,0.008934366151606418,0.14626904228648557,0.01011411891883201,0.029377793619513367,0.008934366151606418,0.14626904228648557,0.0,0.16668713,0.033889286,0.14558642,0.011753241,0.02681958,0.008729983,0.09138256
43.2,0.009959708471840635,0.02947099820412342,0.008913719779122548,0.13234970256234663,0.009959708471840635,0.02947099820412342,0.008913719779122548,0.13234970256234663,0.0,0.1675408,0.03403646,0.13195348,0.011707998,0.026844066,0.008697722,0.091085285
43.400000000000006,0.009829541961639467,0.02957113693667981,0.008893303024410203,0.11975496314547239,0.009829541961639467,0.02957113693667981,0.008893303024410203,0.11975496314547239,0.0,0.1684386,0.034184523,0.11961882,0.011663225,0.026868088,0.008665459,0.09078748
43.6,0.009720623999127603,0.02967771343809745,0.008873227703577522,0.1083587716505649,0.009720623999127603,0.02967771343809745,0.008873227703577522,0.1083587716505649,0.0,0.16937691,0.03433359,0.108458824,0.011618685,0.02689153,0.008633431,0.09048936
43.800000000000004,0.009630396210766888,0.029790275300927482,0.008853590574487506,0.09804707116277163,0.009630396210766888,0.029790275300927482,0.008853590574487506,0.09804707116277163,0.0,0.17035247,0.03448377,0.09836164,0.011574615,0.026914392,0.008601521,0.09019072
44.0,0.009556664584977361,0.029908408587698464,0.008834475379056302,0.0887166587177488,0.009556664584977361,0.029908408587698464,0.008834475379056302,0.0887166587177488,0.0,0.17136236,0.03463516,0.08922606,0.011530778,0.026936902,0.008569728,0.08989157
44.2,0.009497540321747064,0.030031733497813864,0.008815954565897193,0.08027415241170366,0.009497540321747064,0.030031733497813864,0.008815954565897193,0.08027415241170366,0.0,0.17240389,0.03478784,0.08096052,0.011487411,0.026958834,0.008538052,0.089592315
44.400000000000006,0.009451391388956813,0.030159900924108692,0.008798090751368616,0.0726350568039173,0.009451391388956813,0.030159900924108692,0.008798090751368616,0.0726350568039173,0.0,0.17347467,0.03494189,0.07348218,0.011444396,0.026980301,0.008506612,0.089292645
44.6,0.009416802645590742,0.030292589664465533,0.008780937965213577,0.06572291725797298,0.009416802645590742,0.030292589664465533,0.008780937965213577,0.06572291725797298,0.0,0.1745725,0.035097368,0.06671607,0.011401732,0.027001187,0.008475288,0.08899278
44.800000000000004,0.009392542871558317,0.030429504104122086,0.008764542717760709,0.059468554758057145,0.009392542871558317,0.030429504104122086,0.008764542717760709,0.059468554758057145,0.0,0.1756954,0.035254337,0.060594376,0.011359421,0.02702161,0.008443964,0.0886926
45.0,0.009377537399737772,0.03057037223158338,0.008748944918456743,0.05380937354211909,0.009377537399737772,0.03057037223158338,0.008748944918456743,0.05380937354211909,0.0,0.17684157,0.035412844,0.055055737,0.011317461,0.027041566,0.008412875,0.08839245
45.2,0.009370845314673693,0.030714943890949777,0.008734178669842217,0.04868873462244353,0.009370845314673693,0.030714943890949777,0.008734178669842217,0.04868873462244353,0.0,0.17800938,0.03557294,0.050044633,0.011275852,0.027061058,0.008381903,0.08809209
45.400000000000006,0.00937164038893197,0.03086298920466043,0.008720272956611406,0.04405538892362608,0.00937164038893197,0.03086298920466043,0.008720272956611406,0.04405538892362608,0.0,0.17919733,0.035734657,0.045510832,0.011234596,0.027080087,0.008351048,0.08779165
45.6,0.009379195089248225,0.031014297123614882,0.008707252245845254,0.0398629643646006,0.009379195089248225,0.031014297123614882,0.008707252245845254,0.0398629643646006,0.0,0.18040408,0.035898034,0.04140888,0.011193692,0.027098535,0.008320429,0.08749122
45.800000000000004,0.009392867111825347,0.031168674077695337,0.008695137011668476,0.03606950175126546,0.009392867111825347,0.031168674077695337,0.008695137011668476,0.03606950175126546,0.0,0.1816284,0.036063094,0.03769766,0.01115314,0.027116634,0.00828981,0.08719081
46.0,0.00941208800750332,0.031325942710415104,0.008683944195303358,0.032637034834767036,0.00941208800750332,0.031325942710415104,0.008683944195303358,0.032637034834767036,0.0,0.18286918,0.036229867,0.034339968,0.011112821,0.02713427,0.008259425,0.08689043
46.2,0.00943635353882968,0.031485940688202034,0.008673687609653322,0.029531210332519285,0.00943635353882968,0.031485940688202034,0.008673687609653322,0.029531210332519285,0.0,0.18412538,0.036398374,0.03130214,0.011072974,0.027151324,0.008229159,0.08659005
46.400000000000006,0.00946521547657785,0.031648519578879784,0.008664378296056784,0.026720944109006065,0.00946521547657785,0.031648519578879784,0.008664378296056784,0.026720944109006065,0.0,0.18539609,0.036568627,0.028553713,0.011033359,0.02716803,0.008199009,0.086289816
46.6,0.009498274596233005,0.031813543796148626,0.008656024839634693,0.024178110075304755,0.009498274596233005,0.031813543796148626,0.008656024839634693,0.024178110075304755,0.0,0.18668045,0.036740646,0.026067134,0.010993979,0.027184155,0.008168977,0.08598981
46.800000000000004,0.009535174677898224,0.03198088960795521,0.008648633648657606,0.02187725869373467,0.009535174677898224,0.03198088960795521,0.008648633648657606,0.02187725869373467,0.0,0.1879777,0.036914438,0.023817468,0.010955069,0.027199933,0.008139062,0.08569005
47.0,0.00957559734793737,0.032150444207038734,0.008642209202536543,0.01979536227033073,0.00957559734793737,0.032150444207038734,0.008642209202536543,0.01979536227033073,0.0,0.18928714,0.037090015,0.02178216,0.010916394,0.027215246,0.008109382,0.08539031
47.2,0.009619257629030927,0.032322104841957265,0.008636754272361994,0.01791158448594174,0.009619257629030927,0.032322104841957265,0.008636754272361994,0.01791158448594174,0.0,0.19060813,0.03726738,0.019940794,0.010878071,0.027230095,0.00807982,0.08509102
47.400000000000006,0.00966590008842789,0.032495778006728177,0.008632270117350255,0.0162070718593456,0.00966590008842789,0.032495778006728177,0.008632270117350255,0.0162070718593456,0.0,0.19194008,0.03744654,0.018274905,0.010839982,0.02724448,0.008050376,0.084791854
47.6,0.009715295493036277,0.03267137868698179,0.008628756660084039,0.014664765055272137,0.009715295493036277,0.03267137868698179,0.008628756660084039,0.014664765055272137,0.0,0.19328247,0.0376275,0.016767785,0.010802246,0.027258517,0.008021048,0.08449315
47.800000000000004,0.009767237895415497,0.03284882966029465,0.008626212643038294,0.013269228148841775,0.009767237895415497,0.03284882966029465,0.008626212643038294,0.013269228148841775,0.0,0.1946348,0.03781026,0.015404315,0.0107648615,0.027272088,0.007991838,0.0841947
48.0,0.009821542087367451,0.03302806084817485,0.008624635768548345,0.012006494137641549,0.009821542087367451,0.03302806084817485,0.008624635768548345,0.012006494137641549,0.0,0.19599663,0.037994813,0.014170816,0.010727712,0.027285198,0.007962746,0.08389669
48.2,0.009878041368195855,0.03320900871703046,0.00862402282409506,0.010863925155270106,0.009878041368195855,0.03320900871703046,0.00862402282409506,0.010863925155270106,0.0,0.19736755,0.038181163,0.013054914,0.010690915,0.027297841,0.007933889,0.083598934
48.400000000000006,0.009936585583238311,0.03339161572536689,0.008624369794541713,0.00983008598732339,0.009936585583238311,0.03339161572536689,0.008624369794541713,0.00983008598732339,0.0,0.19874719,0.03836931,0.01204541,0.010654353,0.027310137,0.007905032,0.08330174
48.6,0.009997039395316341,0.033575829814425855,0.008625671962752515,0.008894629623925232,0.009997039395316341,0.033575829814425855,0.008625671962752515,0.008894629623925232,0.0,0.2001352,0.038559243,0.011132175,0.010618143,0.02732197,0.007876409,0.08300501
48.800000000000004,0.010059280757570658,0.03376160393949067,0.00862792399984738,0.008048193703374704,0.010059280757570658,0.03376160393949067,0.00862792399984738,0.008048193703374704,0.0,0.20153129,0.038750958,0.010306041,0.010582167,0.027333451,0.007847905,0.08270863
49.0,0.010123199560976652,0.03394889563913158,0.008631120046196828,0.007282306810483664,0.010123199560976652,0.03394889563913158,0.008631120046196828,0.007282306810483664,0.0,0.20293516,0.038944453,0.009558714,0.010546426,0.02734447,0.007819637,0.08241293
49.2,0.010188696433849133,0.03413766663974325,0.008635253784130818,0.006589303691805979,0.010188696433849133,0.03413766663974325,0.008635253784130818,0.006589303691805979,0.0,0.20434655,0.039139718,0.008882691,0.010511038,0.027355144,0.0077913664,0.082117684
49.400000000000006,0.010255681673992217,0.034327882492826076,0.008640318503222708,0.005962248539204871,0.010255681673992217,0.034327882492826076,0.008640318503222708,0.005962248539204871,0.0,0.20576523,0.039336745,0.008271183,0.010475884,0.027365351,0.007763215,0.08182291
49.6,0.010324074296949426,0.0345195122425788,0.008646307158911808,0.005394865573953797,0.010324074296949426,0.0345195122425788,0.008646307158911808,0.005394865573953797,0.0,0.20719096,0.039535526,0.007718046,0.010441083,0.02737521,0.0077352985,0.08152882
49.800000000000004,0.010393801186156725,0.03471252812149454,0.008653212425142687,0.00488147623663356,0.010393801186156725,0.03471252812149454,0.008653212425142687,0.00488147623663356,0.0,0.20862356,0.039736055,0.0072177234,0.010406517,0.027384605,0.0077075,0.0812353
50.0,0.010464615013751035,0.03490683218439333,0.008661026727597674,0.004678266808097498,0.010464615013751035,0.03490683218439333,0.008661026727597674,0.004678266808097498,0.0,0.21006283,0.03993832,0.023431854,0.010372186,0.027393652,0.0076798187,0.08094235
50.2,0.010471815593378246,0.03507725745920461,0.008669647403210762,0.09787536134102509,0.010471815593378246,0.03507725745920461,0.008669647403210762,0.09787536134102509,0.0,0.21124049,0.040140323,0.11659482,0.010338208,0.02740235,0.007652255,0.08065008
50.400000000000006,0.010307386785828997,0.0351847992750755,0.0086783163787417,0.1837238712014779,0.010307386785828997,0.0351847992750755,0.0086783163787417,0.1837238712014779,0.0,0.21204908,0.040340077,0.20088659,0.010304346,0.027410585,0.0076248087,0.08035839
50.6,0.010006908895014358,0.03524189050441051,0.008686208675326431,0.26140281520657593,0.010006908895014358,0.03524189050441051,0.008686208675326431,0.26140281520657593,0.0,0.21252109,0.040536433,0.27715188,0.010270837,0.027418472,0.0075975982,0.0800675
50.800000000000004,0.009595661180144625,0.035251912633808606,0.008692657613646716,0.33168963033657545,0.009595661180144625,0.035251912633808606,0.008692657613646716,0.33168963033657545,0.0,0.21268757,0.04072838,0.346155,0.010237563,0.027426012,0.0075705056,0.07977729
51.0,0.009099747655987974,0.035217769929367516,0.008697124446649345,0.395016342441944,0.009099747655987974,0.035217769929367516,0.008697124446649345,0.395016342441944,0.0,0.21257791,0.040915024,0.39192078,0.010204642,0.027433204,0.0075434125,0.07948777
51.2,0.008608942447282763,0.03517324804793921,0.008699320093630588,0.3597637911271795,0.008608942447282763,0.03517324804793921,0.008699320093630588,0.3597637911271795,0.0,0.21248913,0.04109758,0.35483593,0.010171837,0.02743993,0.007516555,0.079198934
51.400000000000006,0.008193381969761299,0.03515142847182447,0.00869955250466916,0.325527739869421,0.008193381969761299,0.03515142847182447,0.00869955250466916,0.325527739869421,0.0,0.21254878,0.041277356,0.3212825,0.010139386,0.027446425,0.007489815,0.078910895
51.6,0.007840215481123817,0.03515015254987787,0.008698217373413962,0.29454967964531237,0.007840215481123817,0.03515015254987787,0.008698217373413962,0.29454967964531237,0.0,0.21274233,0.041454878,0.29092425,0.010107052,0.027452456,0.0074631926,0.07862366
51.800000000000004,0.007539265588319589,0.03516746110720237,0.00869564926751959,0.26651957161610157,0.007539265588319589,0.03516746110720237,0.00869564926751959,0.26651957161610157,0.0,0.21305688,0.041630622,0.26345688,0.01007507,0.02745814,0.0074368063,0.0783371
52.0,0.007282324137426665,0.03520161794647254,0.008692132596999353,0.24115688103944266,0.007282324137426665,0.03520161794647254,0.008692132596999353,0.24115688103944266,0.0,0.21348092,0.04180501,0.23860514,0.010043324,0.027463473,0.0074104196,0.07805147
52.2,0.007062712372814158,0.03525108437207594,0.008687910321785527,0.218207769583396,0.007062712372814158,0.03525108437207594,0.008687910321785527,0.218207769583396,0.0,0.2140042,0.041978423,0.21611996,0.010011813,0.027468577,0.0073842686,0.077766515
52.400000000000006,0.006874951143283929,0.0353144954750114,0.008683190877752735,0.19744255482709108,0.006874951143283929,0.0353144954750114,0.008683190877752735,0.19744255482709108,0.0,0.21461755,0.042151194,0.195776,0.009980537,0.027473215,0.007358116,0.077482484
52.6,0.006714511397808937,0.035390638325920654,0.008678153737091982,0.17865341152185707,0.006714511397808937,0.035390638325920654,0.008678153737091982,0.17865341152185707,0.0,0.21531275,0.042323627,0.17736936,0.009949495,0.027477508,0.0073322007,0.07719925
52.800000000000004,0.006577623664033338,0.03547843226860724,0.008672953911341314,0.16165229160628022,0.006577623664033338,0.03547843226860724,0.008672953911341314,0.16165229160628022,0.0,0.21608242,0.042495992,0.16071557,0.00991869,0.027481452,0.0073064025,0.076916926
53.0,0.0064611311381549226,0.03557691146185799,0.008667725628058271,0.1462690421580051,0.0064611311381549226,0.03557691146185799,0.008667725628058271,0.1462690421580051,0.0,0.21691996,0.042668533,0.14564772,0.009888118,0.027485162,0.0072807223,0.07663552
53.2,0.00636237524720505,0.0356852097137722,0.00866258535593477,0.1323497024460927,0.00636237524720505,0.0356852097137722,0.00866258535593477,0.1323497024460927,0.0,0.21781941,0.042841464,0.1320148,0.009857782,0.027488409,0.0072551593,0.07635491
53.400000000000006,0.006279105590615256,0.03580254753131425,0.008657634311892362,0.11975496304028148,0.006279105590615256,0.03580254753131425,0.008657634311892362,0.11975496304028148,0.0,0.21877539,0.043014977,0.119680166,0.009827682,0.027491424,0.007229714,0.076075226
53.6,0.006209408365713481,0.03592822120330949,0.008652960553080256,0.10835877155538422,0.006209408365713481,0.03592822120330949,0.008652960553080256,0.10835877155538422,0.0,0.21978308,0.043189246,0.108520195,0.009797698,0.027494093,0.0072045056,0.075796455
53.800000000000004,0.006151648964013997,0.03606159366711194,0.00864864073376056,0.09804707107664859,0.006151648964013997,0.03606159366711194,0.00864864073376056,0.09804707107664859,0.0,0.22083811,0.043364424,0.09842304,0.009768068,0.027496412,0.0071792956,0.07551849
54.0,0.0061044255596561636,0.036202086881499076,0.008644741589722409,0.08871665863982144,0.0061044255596561636,0.036202086881499076,0.008644741589722409,0.08871665863982144,0.0,0.22193654,0.04354065,0.0892875,0.009738555,0.027498499,0.007154322,0.07524155
54.2,0.006066531322760372,0.036349175434084155,0.008641321199643068,0.08027415234119208,0.006066531322760372,0.036349175434084155,0.008641321199643068,0.08027415234119208,0.0,0.22307478,0.04371804,0.081021994,0.0097093955,0.02750024,0.0071293483,0.07496554
54.400000000000006,0.006036923471734186,0.03650238113922756,0.008638430062652547,0.07263505674011578,0.006036923471734186,0.03650238113922756,0.008638430062652547,0.07263505674011578,0.0,0.22424962,0.0438967,0.07354369,0.009680352,0.027501632,0.00710461,0.07469043
54.6,0.006014697797885407,0.03666126842081169,0.00863611202349346,0.06572291720024298,0.006014697797885407,0.03666126842081169,0.00863611202349346,0.06572291720024298,0.0,0.22545812,0.044076733,0.066777624,0.009651545,0.027502675,0.0070799896,0.07441637
54.800000000000004,0.0059990676019328875,0.03682544031470351,0.008634405070539728,0.05946855470582088,0.0059990676019328875,0.03682544031470351,0.008634405070539728,0.05946855470582088,0.0,0.22669762,0.04425822,0.060655978,0.009622973,0.027503487,0.007055487,0.07414322
55.0,0.005989346209274632,0.036994534962903315,0.008633342027132486,0.05380937349485376,0.005989346209274632,0.036994534962903315,0.008633342027132486,0.05380937349485376,0.0,0.22796574,0.04444123,0.055117387,0.009594519,0.02750395,0.007031102,0.073871106
55.2,0.005984932402550882,0.03716822250269175,0.008632951152900902,0.0486887345796761,0.005984932402550882,0.03716822250269175,0.008632951152900902,0.0486887345796761,0.0,0.22926028,0.044625834,0.050106335,0.009566417,0.027504183,0.007006835,0.07359991
55.400000000000006,0.005985298241967687,0.037346202278894486,0.008633256668727668,0.044055388884928506,0.005985298241967687,0.037346202278894486,0.008633256668727668,0.044055388884928506,0.0,0.23057926,0.044812083,0.04557259,0.0095384335,0.027504066,0.006982686,0.07332964
55.6,0.005989978846759878,0.03752820032616366,0.008634279216618485,0.03986296432958559,0.005989978846759878,0.03752820032616366,0.008634279216618485,0.03986296432958559,0.0,0.23192087,0.04500003,0.0414707,0.009510685,0.027503602,0.0069586546,0.07306053
55.800000000000004,0.0059985637924291875,0.037713967081903346,0.008636036263808515,0.03606950171958257,0.0059985637924291875,0.037713967081903346,0.008636036263808515,0.03606950171958257,0.0,0.23328348,0.04518972,0.037759542,0.009483053,0.027503023,0.006934741,0.07279222
56.0,0.006010689843140622,0.037903275300243074,0.008638542458884197,0.03263703480609917,0.006010689843140622,0.037903275300243074,0.008638542458884197,0.03263703480609917,0.0,0.23466559,0.045381185,0.034401916,0.009455776,0.027501978,0.006911064,0.072525054
56.2,0.00602603479059472,0.03809591814429523,0.008641809946437675,0.02953121030657953,0.00602603479059472,0.03809591814429523,0.008641809946437675,0.02953121030657953,0.0,0.23606585,0.045574456,0.031364154,0.009428615,0.027500704,0.006887386,0.07225893
56.400000000000006,0.006044312212545432,0.038291707438652046,0.008645848645742178,0.0267209440855348,0.006044312212545432,0.038291707438652046,0.008645848645742178,0.0267209440855348,0.0,0.23748302,0.04576956,0.028615799,0.009401572,0.027499195,0.006863944,0.07199374
56.6,0.006065266997971982,0.03849047206733179,0.008650666498093214,0.02417811005406708,0.006065266997971982,0.03849047206733179,0.008650666498093214,0.02417811005406708,0.0,0.23891598,0.04596652,0.026129294,0.009374883,0.027497455,0.006840502,0.07172969
56.800000000000004,0.00608867151333904,0.03869205650464307,0.008656269686765094,0.021877258674518025,0.00608867151333904,0.03869205650464307,0.008656269686765094,0.021877258674518025,0.0,0.2403637,0.046165355,0.023879707,0.0093483105,0.027495367,0.0068171774,0.07146657
57.0,0.00611432230665133,0.03889631946803831,0.008662662832956294,0.01979536225294279,0.00611432230665133,0.03889631946803831,0.008662662832956294,0.01979536225294279,0.0,0.24182525,0.046366073,0.021844476,0.009321855,0.027493048,0.0067940895,0.0712045
57.2,0.006142037264125783,0.03910313268320176,0.008669849170617727,0.017911584470208478,0.006142037264125783,0.03910313268320176,0.008669849170617727,0.017911584470208478,0.0,0.24329978,0.046568688,0.020003192,0.009295636,0.027490381,0.0067711193,0.07094358
57.400000000000006,0.006171653149066029,0.0393123797525176,0.008677830702656892,0.016207071845109555,0.006171653149066029,0.0393123797525176,0.008677830702656892,0.016207071845109555,0.0,0.2447865,0.046773206,0.018337388,0.009269653,0.027487598,0.0067481482,0.07068358
57.6,0.006203023464572288,0.0395239551187899,0.0086866083406738,0.014664765042390832,0.006203023464572288,0.0395239551187899,0.0086866083406738,0.014664765042390832,0.0,0.24628471,0.046979636,0.016830353,0.009243905,0.027484467,0.0067254137,0.07042476
57.800000000000004,0.006236016591571281,0.0397377631167014,0.008696182030100036,0.013269228137186288,0.006236016591571281,0.0397377631167014,0.008696182030100036,0.013269228137186288,0.0,0.24779375,0.047187977,0.01546697,0.009218155,0.027481103,0.006702679,0.07016685
58.0,0.006270514161721935,0.03995371710504125,0.00870655086237102,0.012006494127095226,0.006270514161721935,0.03995371710504125,0.00870655086237102,0.012006494127095226,0.0,0.24931303,0.047398232,0.014233561,0.009192761,0.027477393,0.0066801803,0.0699101
58.2,0.006306409631379276,0.040171738673226536,0.008717713175556087,0.0108639251457274,0.006306409631379276,0.040171738673226536,0.008717713175556087,0.0108639251457274,0.0,0.250842,0.0476104,0.01311775,0.009167483,0.027473563,0.0066577992,0.06965451
58.400000000000006,0.0063436070282518065,0.04039175691610116,0.008729666644695306,0.009830085978688792,0.0063436070282518065,0.04039175691610116,0.008729666644695306,0.009830085978688792,0.0,0.2523802,0.047824472,0.012108339,0.0091423225,0.02746939,0.006635418,0.069399856
58.6,0.0063820198468856415,0.04061370777142723,0.008742408362941182,0.008894629616112324,0.0063820198468856415,0.04061370777142723,0.008742408362941182,0.008894629616112324,0.0,0.25392714,0.048040446,0.011195198,0.009117398,0.027465098,0.006613273,0.069146365
58.800000000000004,0.00642157007282841,0.04083753341489018,0.008755934914473438,0.008048193696305293,0.00642157007282841,0.04083753341489018,0.008755934914473438,0.008048193696305293,0.0,0.2554824,0.04825832,0.010369158,0.009092709,0.027460458,0.006591246,0.06889381
59.0,0.006462187318410187,0.04106318170782407,0.008770242440042651,0.007282306804086996,0.006462187318410187,0.04106318170782407,0.008770242440042651,0.007282306804086996,0.0,0.25704563,0.04847808,0.009621928,0.009068138,0.027455587,0.006569219,0.06864241
59.2,0.006503808055643305,0.04129060569322557,0.008785326695901053,0.006589303686018034,0.006503808055643305,0.04129060569322557,0.008785326695901053,0.006589303686018034,0.0,0.25861645,0.04869972,0.008946003,0.009043683,0.027450483,0.0065474273,0.06839217
59.400000000000006,0.006546374933881168,0.041519763135967704,0.00880118310679386,0.0059622485339677215,0.006546374933881168,0.041519763135967704,0.00880118310679386,0.0059622485339677215,0.0,0.26019454,0.048923235,0.008334594,0.009019466,0.02744515,0.006525636,0.068142876
59.6,0.006589836171664622,0.04175061610344461,0.0088178068136103,0.005394865569215029,0.006589836171664622,0.04175061610344461,0.0088178068136103,0.005394865569215029,0.0,0.26177964,0.049148608,0.007781557,0.008995484,0.027439583,0.0065040807,0.06789474
59.800000000000004,0.006634145013684316,0.041983130583179755,0.00883519271622855,0.004881476232345745,0.006634145013684316,0.041983130583179755,0.00883519271622855,0.004881476232345745,0.0,0.26337144,0.049375832,0.007281334,0.0089716185,0.027433783,0.006482643,0.067647666
60.0,0.006679143517579712,0.04221718673736045,0.00885333550072223,0.004678266804202358,0.006679143517579712,0.04221718673736045,0.00885333550072223,0.004678266804202358,0.0,0.2649697,0.049604893,0.023495566,0.008947871,0.027427867,0.006461206,0.067401744
60.2,0.00668353707808477,0.04242160420578734,0.008872153162802274,0.0978753613373686,0.00668353707808477,0.04242160420578734,0.008872153162802274,0.0978753613373686,0.0,0.26623547,0.049833685,0.11665864,0.008924241,0.027421605,0.0064400043,0.06715688
60.400000000000006,0.006578389299078596,0.04254633814728515,0.008891034567908667,0.18372387119816935,0.006578389299078596,0.04254633814728515,0.008891034567908667,0.18372387119816935,0.0,0.2670339,0.050059844,0.2009505,0.008900847,0.02741511,0.006418803,0.06691308
60.6,0.006386415821994625,0.042606129334556334,0.008909311236547977,0.2614028152035822,0.006386415821994625,0.042606129334556334,0.008909311236547977,0.2614028152035822,0.0,0.2674071,0.050281864,0.2772159,0.008877689,0.027408497,0.006397719,0.06667044
60.800000000000004,0.00612375656488095,0.042606160337933706,0.008926436250183436,0.3316896303338666,0.00612375656488095,0.042606160337933706,0.008926436250183436,0.3316896303338666,0.0,0.26739517,0.050498415,0.34621906,0.00885453,0.027401654,0.006376872,0.06642874
61.0,0.005807076725389991,0.04255115053831794,0.008941958424779258,0.3950163424395098,0.005807076725389991,0.04255115053831794,0.008941958424779258,0.3950163424395098,0.0,0.2670361,0.050708327,0.39198488,0.008831725,0.02739458,0.006356024,0.06618833
61.2,0.005493670621386294,0.04248381043326116,0.008955623117829353,0.35976379112502604,0.005493670621386294,0.04248381043326116,0.008955623117829353,0.35976379112502604,0.0,0.26670438,0.05091268,0.3549001,0.00880892,0.027387273,0.0063352943,0.06594886
61.400000000000006,0.005228294738829852,0.0424454878087758,0.008967666626303186,0.32552773986747247,0.005228294738829852,0.0424454878087758,0.008967666626303186,0.32552773986747247,0.0,0.2665603,0.051112935,0.3213467,0.0087863505,0.027379733,0.006314683,0.06571057
61.6,0.005002745632253215,0.04243334595428991,0.008978403338882678,0.2945496796435492,0.005002745632253215,0.04243334595428991,0.008978403338882678,0.2945496796435492,0.0,0.2665851,0.051309798,0.29098845,0.008763899,0.027372077,0.006294189,0.065473326
61.800000000000004,0.004810526298097634,0.04244486699979711,0.00898810205930951,0.2665195716145062,0.004810526298097634,0.04244486699979711,0.00898810205930951,0.2665195716145062,0.0,0.2667623,0.051503893,0.26352108,0.008741564,0.02736419,0.006273814,0.06523726
62.0,0.004646396775613636,0.042477816376928774,0.008996993746212724,0.24115688103799915,0.004646396775613636,0.042477816376928774,0.008996993746212724,0.24115688103799915,0.0,0.267077,0.051695783,0.23866932,0.008719466,0.027356071,0.0062535563,0.06500226
62.2,0.004506093401265669,0.04253020886982259,0.009005277709133007,0.21820776958208984,0.004506093401265669,0.04253020886982259,0.009005277709133007,0.21820776958208984,0.0,0.2675161,0.051885966,0.21618414,0.008697486,0.02734772,0.006233417,0.06476821
62.400000000000006,0.00438611829882827,0.04260027834067583,0.009013126589933647,0.19744255482590922,0.00438611829882827,0.04260027834067583,0.009013126589933647,0.19744255482590922,0.0,0.2680678,0.05207489,0.19584017,0.008675623,0.027339252,0.0062133954,0.06453544
62.6,0.004283580114706904,0.04268645080523684,0.00902069040581365,0.17865341152078767,0.004283580114706904,0.04268645080523684,0.00902069040581365,0.17865341152078767,0.0,0.2687216,0.052262954,0.1774335,0.008653877,0.027330669,0.006193492,0.06430363
62.800000000000004,0.004196072400374471,0.04278732063863148,0.009028099859766117,0.16165229160531258,0.004196072400374471,0.04278732063863148,0.009028099859766117,0.16165229160531258,0.0,0.26946804,0.052450515,0.1607797,0.0086323675,0.027321735,0.0061735883,0.06407299
63.0,0.004121579831522777,0.042901629724734616,0.009035469073568217,0.14626904215712952,0.004121579831522777,0.042901629724734616,0.009035469073568217,0.14626904215712952,0.0,0.2702986,0.05263789,0.14571184,0.008610976,0.02731269,0.006153921,0.063843414
63.2,0.0040584051545650805,0.04302824934547184,0.00904289786136652,0.13234970244530045,0.0040584051545650805,0.04302824934547184,0.00904289786136652,0.13234970244530045,0.0,0.2712057,0.05282536,0.1320789,0.008589703,0.027303409,0.006134254,0.063614905
63.400000000000006,0.0040051116950142445,0.04316616456877625,0.009050473634620927,0.11975496303956464,0.0040051116950142445,0.04316616456877625,0.009050473634620927,0.11975496303956464,0.0,0.27218246,0.053013187,0.119744256,0.008568546,0.027294014,0.006114704,0.06338757
63.6,0.0039604776649065955,0.043314460859626785,0.009058273008826466,0.1083587715547356,0.0039604776649065955,0.043314460859626785,0.009058273008826466,0.1083587715547356,0.0,0.2732227,0.05320159,0.108584285,0.0085476255,0.027284501,0.006095273,0.0631612
63.800000000000004,0.003923459516257759,0.04347231262161854,0.009066363167120298,0.0980470710760617,0.003923459516257759,0.04347231262161854,0.009066363167120298,0.0980470710760617,0.0,0.27432087,0.053390767,0.098487124,0.0085268235,0.027274758,0.0060759597,0.06293601
64.0,0.003893162311608646,0.043638973380477744,0.009074803024248441,0.08871665863929039,0.003893162311608646,0.043638973380477744,0.009074803024248441,0.08871665863929039,0.0,0.27547187,0.053580903,0.08935158,0.008506139,0.027264781,0.0060567646,0.06271188
64.2,0.0038688156006004963,0.04381376734235597,0.009083644225451642,0.08027415234071156,0.0038688156006004963,0.04381376734235597,0.009083644225451642,0.08027415234071156,0.0,0.27667117,0.053772155,0.081086084,0.0084855715,0.02725469,0.0060376874,0.062488828
64.4,0.0038497536625159345,0.04399608209205046,0.009092932007942603,0.07263505673968099,0.0038497536625159345,0.04399608209205046,0.009092932007942603,0.07263505673968099,0.0,0.27791467,0.053964663,0.07360779,0.008465122,0.027244365,0.006018729,0.062266845
64.60000000000001,0.0038353992423689753,0.0441853622329011,0.009102705947286013,0.06572291719984932,0.0038353992423689753,0.0441853622329011,0.009102705947286013,0.06572291719984932,0.0,0.27919862,0.05415855,0.06684174,0.008444792,0.027233923,0.0059997695,0.062045936
64.8,0.003825250103597532,0.04438110380598413,0.0091130006067912,0.05946855470546511,0.003825250103597532,0.04438110380598413,0.0091130006067912,0.05946855470546511,0.0,0.28051963,0.054353926,0.06072011,0.008424696,0.027223367,0.0059810467,0.061826088
65.0,0.0038188678654846662,0.04458284935831552,0.009123846104711989,0.05380937349453166,0.0038188678654846662,0.04458284935831552,0.009123846104711989,0.05380937349453166,0.0,0.2818747,0.054550886,0.05518154,0.008404718,0.027212579,0.005962324,0.061607435
65.2,0.0038158687030267814,0.04479018355675377,0.009135268611415932,0.04868873457938464,0.0038158687030267814,0.04479018355675377,0.009135268611415932,0.04868873457938464,0.0,0.28326097,0.054749515,0.05017051,0.008384858,0.027201673,0.0059437193,0.061389737
65.4,0.003815915571187031,0.04500272926598989,0.00914729078658207,0.04405538888466477,0.003815915571187031,0.04500272926598989,0.00914729078658207,0.04405538888466477,0.0,0.28467596,0.054949887,0.04563679,0.008364998,0.027190536,0.0059252325,0.06117312
65.60000000000001,0.0038187116811719715,0.04522014402593194,0.009159932164795855,0.039862964329346814,0.0038187116811719715,0.04522014402593194,0.009159932164795855,0.039862964329346814,0.0,0.28611735,0.055152066,0.041534934,0.008345374,0.027179284,0.0059067453,0.06095757
65.8,0.0038239950082447865,0.045442116876722095,0.009173209496543381,0.03606950171936677,0.0038239950082447865,0.045442116876722095,0.009173209496543381,0.03606950171936677,0.0,0.28758308,0.055356104,0.03782381,0.008325987,0.027167914,0.005888495,0.060743097
66.0,0.003831533651924388,0.04566836548939559,0.009187137050495574,0.03263703480590379,0.003831533651924388,0.04566836548939559,0.009187137050495574,0.03263703480590379,0.0,0.28907126,0.055562045,0.034466222,0.008306598,0.027156314,0.005870245,0.060529698
66.2,0.0038411219025759626,0.04589863356755342,0.009201726882064264,0.029531210306402746,0.0038411219025759626,0.04589863356755342,0.009201726882064264,0.029531210306402746,0.0,0.29058015,0.05576993,0.0314285,0.008287327,0.027144594,0.0058521125,0.060317382
66.4,0.003852576895117974,0.04613268849099633,0.009216989072464559,0.02672094408537484,0.003852576895117974,0.04613268849099633,0.009216989072464559,0.02672094408537484,0.0,0.2921082,0.055979796,0.02868019,0.008268175,0.02713276,0.005834098,0.060106024
66.60000000000001,0.003865735752173971,0.04637031917653538,0.009232931941899999,0.024178110053922248,0.003865735752173971,0.04637031917653538,0.009232931941899999,0.024178110053922248,0.0,0.29365396,0.056191668,0.026193732,0.008249258,0.027120812,0.0058162017,0.059895862
66.8,0.0038804531365069133,0.04661133413451998,0.00924956223997325,0.02187725867438714,0.0038804531365069133,0.04661133413451998,0.00924956223997325,0.02187725867438714,0.0,0.29521614,0.056405567,0.023944195,0.008230341,0.027108746,0.005798424,0.059686664
67.0,0.003896599146792391,0.04685555970226797,0.009266885315995843,0.019795362252824286,0.003896599146792391,0.04685555970226797,0.009266885315995843,0.019795362252824286,0.0,0.29679358,0.056621507,0.021909017,0.00821166,0.027096447,0.005780646,0.059478547
67.2,0.003914057502353242,0.047102838437732046,0.00928490527151008,0.017911584470101254,0.003914057502353242,0.047102838437732046,0.00928490527151008,0.017911584470101254,0.0,0.29838517,0.056839503,0.020067789,0.008192979,0.027084032,0.005762986,0.059271395
67.4,0.003932723971902065,0.047353027658526475,0.009303625097032038,0.016207071845012532,0.003932723971902065,0.047353027658526475,0.009303625097032038,0.016207071845012532,0.0,0.29998994,0.057059564,0.01840204,0.008174534,0.027071502,0.0057455627,0.059065327
67.60000000000001,0.0039525050090298015,0.0476059981129552,0.009323046794766823,0.014664765042302989,0.0039525050090298015,0.0476059981129552,0.009323046794766823,0.014664765042302989,0.0,0.30160698,0.057281695,0.016895065,0.008156088,0.02705874,0.005728021,0.05886034
67.8,0.003973316563467776,0.047861632770995186,0.00934317148882759,0.0132692281371069,0.003973316563467776,0.047861632770995186,0.00934317148882759,0.0132692281371069,0.0,0.30323547,0.0575059,0.015531743,0.008137879,0.027045976,0.0057107154,0.05865643
68.0,0.003995083042303242,0.04811982572433881,0.009363999524302145,0.01200649412702335,0.003995083042303242,0.04811982572433881,0.009363999524302145,0.01200649412702335,0.0,0.30487466,0.057732172,0.014298396,0.00811967,0.02703298,0.00569341,0.058453497
68.2,0.004017736399558823,0.0483804811856185,0.009385530556349563,0.010863925145662364,0.004017736399558823,0.0483804811856185,0.009385530556349563,0.010863925145662364,0.0,0.30652386,0.057960518,0.013182649,0.008101696,0.027019985,0.0056762225,0.058251537
68.4,0.004041215336027407,0.04864351257784861,0.009407763630370328,0.009830085978629947,0.004041215336027407,0.04864351257784861,0.009407763630370328,0.009830085978629947,0.0,0.30818245,0.058190923,0.012173304,0.008083723,0.027006757,0.005659153,0.058050655
68.60000000000001,0.004065464594125465,0.048908841705938816,0.009430697254173082,0.008894629616059047,0.004065464594125465,0.048908841705938816,0.009430697254173082,0.008894629616059047,0.0,0.30984986,0.058423385,0.01126023,0.008065866,0.026993414,0.005642202,0.05785086
68.8,0.004090434334902447,0.04917639800287363,0.009454329462956556,0.008048193696257144,0.004090434334902447,0.04917639800287363,0.009454329462956556,0.008048193696257144,0.0,0.31152555,0.058657896,0.01043426,0.008048247,0.026979953,0.00562537,0.057651922
69.0,0.004116079586312903,0.049446117843823356,0.009478657877834218,0.007282306804043404,0.004116079586312903,0.049446117843823356,0.009478657877834218,0.007282306804043404,0.0,0.31320906,0.05889444,0.009687099,0.008030627,0.026966376,0.005608537,0.057454187
69.2,0.004142359753495102,0.04971794392205967,0.009503679758549478,0.00658930368597859,0.004142359753495102,0.04971794392205967,0.009503679758549478,0.00658930368597859,0.0,0.31489992,0.059133008,0.0090112435,0.008013125,0.026952684,0.0055918223,0.057257313
69.4,0.004169238183165163,0.049991824681102616,0.009529392050959477,0.00596224853393203,0.004169238183165163,0.049991824681102616,0.009529392050959477,0.00596224853393203,0.0,0.31659773,0.059373587,0.008399905,0.007995859,0.026938876,0.005575226,0.057061523
69.60000000000001,0.00419668177537723,0.05026771379802774,0.009555791429804093,0.005394865569182715,0.00419668177537723,0.05026771379802774,0.009555791429804093,0.005394865569182715,0.0,0.31830212,0.05961616,0.007846939,0.007978593,0.026924951,0.0055586295,0.056866713
69.8,0.00422466063685797,0.05054556971331985,0.009582874337222547,0.004881476232316541,0.00422466063685797,0.05054556971331985,0.009582874337222547,0.004881476232316541,0.0,0.32001275,0.059860714,0.00734679,0.007961445,0.02691091,0.005542151,0.05667288
70.0,0.004253074080668454,0.05082524694365006,0.009610637007401014,0.004678266804208373,0.004253074080668454,0.05082524694365006,0.009610637007401014,0.004678266804208373,0.0,0.32172927,0.06010723,0.023561096,0.007944414,0.02689675,0.005525791,0.05648013
70.2,0.00425562829232244,0.051068737625433375,0.00963900762351445,0.09787536133747311,0.00425562829232244,0.051068737625433375,0.00963900762351445,0.09787536133747311,0.0,0.32303977,0.06035349,0.116724245,0.0079275025,0.026882479,0.005509549,0.056288358
70.4,0.004188435589842489,0.05121398057073097,0.009667444383950658,0.18372387119826392,0.004188435589842489,0.05121398057073097,0.009667444383950658,0.18372387119826392,0.0,0.3237814,0.060596745,0.20101619,0.007910708,0.026868088,0.005493307,0.05609745
70.60000000000001,0.0040659696623449116,0.051278542953539646,0.009695351425568289,0.26140281520367037,0.0040659696623449116,0.051278542953539646,0.009695351425568289,0.26140281520367037,0.0,0.32400647,0.060835112,0.2772816,0.007893913,0.026853582,0.005477183,0.055907637
70.8,0.003898514997181425,0.05126936415100425,0.009722234970339281,0.3316896303339416,0.003898514997181425,0.05126936415100425,0.009722234970339281,0.3316896303339416,0.0,0.32376477,0.061066933,0.3462848,0.007877355,0.026839076,0.005461178,0.0557188
71.0,0.0036966884387973843,0.05119289741643536,0.009747679134472475,0.39501634243953776,0.0036966884387973843,0.05119289741643536,0.009747679134472475,0.39501634243953776,0.0,0.32310328,0.061290756,0.39205065,0.0078607965,0.026824336,0.0054452904,0.055530943
71.2,0.003496966964812956,0.051101731208458095,0.009771437853737717,0.3597637911249281,0.003496966964812956,0.051101731208458095,0.009771437853737717,0.3597637911249281,0.0,0.32247642,0.061507527,0.35496587,0.007844475,0.026809482,0.005429403,0.055344064
71.4,0.0033278386745453866,0.051046482715129564,0.009793709587230703,0.32552773986738387,0.0033278386745453866,0.051046482715129564,0.009793709587230703,0.32552773986738387,0.0,0.32207808,0.06171887,0.32141244,0.007828152,0.026794625,0.005413634,0.055158056
71.60000000000001,0.003184077341254821,0.05102359097095953,0.009814769016611468,0.294549679643468,0.003184077341254821,0.05102359097095953,0.009814769016611468,0.294549679643468,0.0,0.32188514,0.06192567,0.29105416,0.0078119477,0.026779655,0.0053979834,0.05497314
71.8,0.0030615438525090567,0.05102992829200484,0.009834853888312147,0.2665195716144347,0.0030615438525090567,0.05102992829200484,0.009834853888312147,0.2665195716144347,0.0,0.32187712,0.062128708,0.26358676,0.0077958615,0.026764566,0.005382332,0.054789092
72.0,0.0029568999452350845,0.05106271693999755,0.009854170832086609,0.2411568810379336,0.0029568999452350845,0.05106271693999755,0.009854170832086609,0.2411568810379336,0.0,0.3220358,0.06232869,0.23873498,0.0077797747,0.026749363,0.005366918,0.05460614
72.2,0.002867429348367663,0.05111948623733579,0.00987290007492767,0.21820776958203053,0.002867429348367663,0.05111948623733579,0.00987290007492767,0.21820776958203053,0.0,0.3223449,0.06252624,0.21624975,0.0077639245,0.026734043,0.005351385,0.054423947
72.4,0.002790903670061718,0.051198035086867016,0.009891199288085118,0.19744255482585554,0.002790903670061718,0.051198035086867016,0.009891199288085118,0.19744255482585554,0.0,0.32278994,0.062721916,0.19590573,0.0077480734,0.02671872,0.005336089,0.054242842
72.60000000000001,0.002725480931545578,0.05129639918698496,0.009909206756096661,0.17865341152073844,0.002725480931545578,0.05129639918698496,0.009909206756096661,0.17865341152073844,0.0,0.32335794,0.06291622,0.17749903,0.007732341,0.02670317,0.005320793,0.054062728
72.8,0.0026696280848594435,0.05141282239111261,0.009927044009854766,0.16165229160526917,0.0026696280848594435,0.05141282239111261,0.009927044009854766,0.16165229160526917,0.0,0.32403725,0.06310959,0.16084518,0.007716727,0.026687732,0.005305615,0.053883374
73.0,0.002622061264711124,0.051545731754978195,0.00994481803170511,0.14626904215708975,0.002622061264711124,0.051545731754978195,0.00994481803170511,0.14626904215708975,0.0,0.32481748,0.06330243,0.14577727,0.00770123,0.026672062,0.0052904366,0.05370511
73.2,0.00258169924540318,0.05169371586353803,0.009962623115589722,0.13234970244526445,0.00258169924540318,0.05169371586353803,0.009962623115589722,0.13234970244526445,0.0,0.3256892,0.063495085,0.1321443,0.007685852,0.026656277,0.0052754954,0.053527724
73.4,0.002547626812145035,0.05185550605329021,0.009980542446697232,0.11975496303953206,0.002547626812145035,0.05185550605329021,0.009980542446697232,0.11975496303953206,0.0,0.326644,0.06368788,0.11980962,0.0076704733,0.02664049,0.0052604354,0.05335132
73.60000000000001,0.002519065649606724,0.05202996016277796,0.009998649451157821,0.10835877155470575,0.002519065649606724,0.05202996016277796,0.009998649451157821,0.10835877155470575,0.0,0.3276743,0.0638811,0.10864961,0.007655212,0.026624588,0.0052456125,0.053175677
73.8,0.002495350993854174,0.05221604846499725,0.0100170089557596,0.09804707107603539,0.002495350993854174,0.05221604846499725,0.0100170089557596,0.09804707107603539,0.0,0.3287732,0.06407498,0.09855242,0.00764007,0.026608568,0.005230789,0.053001136
74.0,0.002475912755057939,0.05241284146391588,0.010035678189575731,0.08871665863926627,0.002475912755057939,0.05241284146391588,0.010035678189575731,0.08871665863926627,0.0,0.32993457,0.064269744,0.08941685,0.0076250453,0.026592549,0.005216084,0.05282747
74.2,0.00246026014827257,0.0526194992722845,0.010054707653142177,0.08027415234068974,0.00246026014827257,0.0526194992722845,0.010054707653142177,0.08027415234068974,0.0,0.33115277,0.06446559,0.08115133,0.0076101394,0.026576297,0.0052014976,0.052654672
74.4,0.0024479691059258028,0.05283526232607997,0.010074141875956408,0.07263505673966125,0.0024479691059258028,0.05283526232607997,0.010074141875956408,0.07263505673966125,0.0,0.3324228,0.06466269,0.07367301,0.007595232,0.026560163,0.0051869107,0.052482754
74.60000000000001,0.0024386719161656003,0.05305944322877285,0.01009402007924314,0.06572291719983145,0.0024386719161656003,0.05305944322877285,0.01009402007924314,0.06572291719983145,0.0,0.33374006,0.06486119,0.066906944,0.0075804438,0.026543794,0.005172442,0.052311823
74.8,0.002432048655746964,0.05329141955352364,0.01011437675790797,0.05946855470544893,0.002432048655746964,0.05329141955352364,0.01011437675790797,0.05946855470544893,0.0,0.3351004,0.06506124,0.0607853,0.0075657736,0.026527427,0.0051579736,0.052141655
75.0,0.00242782007857049,0.05353062746190243,0.01013524219318983,0.05380937349451702,0.00242782007857049,0.05353062746190243,0.01013524219318983,0.05380937349451702,0.0,0.33650014,0.06526295,0.055246726,0.007551103,0.02651094,0.0051436233,0.051972482
75.2,0.002425741690811893,0.05377655602330929,0.010156642905590546,0.048688734579371395,0.002425741690811893,0.05377655602330929,0.010156642905590546,0.048688734579371395,0.0,0.3379358,0.06546642,0.050235692,0.0075366683,0.026494456,0.005129392,0.051804293
75.4,0.0024255987972447907,0.05402874214013923,0.010178602056100015,0.04405538888465279,0.0024255987972447907,0.05402874214013923,0.010178602056100015,0.04405538888465279,0.0,0.33940434,0.065671735,0.045701973,0.007522234,0.026477855,0.00511516,0.051636867
75.60000000000001,0.0024272023452221706,0.054286766000443215,0.010201139802468543,0.039862964329335976,0.0024272023452221706,0.054286766000443215,0.010201139802468543,0.039862964329335976,0.0,0.34090295,0.06587898,0.041600116,0.0075077997,0.026461137,0.005101046,0.05147032
75.8,0.0024303854258364735,0.05455024699308264,0.01022427361624263,0.03606950171935696,0.0024303854258364735,0.05455024699308264,0.01022427361624263,0.03606950171935696,0.0,0.3424291,0.066088215,0.037889,0.0074936016,0.02644442,0.005087051,0.051304653
76.0,0.00243500031811702,0.05481884003084497,0.010248018565429423,0.032637034805894916,0.00243500031811702,0.05481884003084497,0.010248018565429423,0.032637034805894916,0.0,0.34398046,0.0662995,0.03453142,0.0074794027,0.026427586,0.005073055,0.051139865
76.2,0.002440915983249963,0.055092232235288086,0.0102723875669513,0.029531210306394717,0.002440915983249963,0.055092232235288086,0.0102723875669513,0.029531210306394717,0.0,0.34555495,0.066512875,0.03149371,0.0074653225,0.026410751,0.0050591785,0.05097607
76.4,0.0024480159328306725,0.055370139943713655,0.010297391612466908,0.026720944085367578,0.0024480159328306725,0.055370139943713655,0.010297391612466908,0.026720944085367578,0.0,0.34715065,0.06672839,0.028745413,0.00745136,0.0263938,0.0050453013,0.050813038
76.60000000000001,0.0024561964089230676,0.055652306004024786,0.010323039970645691,0.024178110053915684,0.0024561964089230676,0.055652306004024786,0.010323039970645691,0.024178110053915684,0.0,0.34876582,0.06694607,0.026258973,0.007437398,0.026376732,0.0050315424,0.050650775
76.80000000000001,0.0024653648248562222,0.05593849732760601,0.01034934036857167,0.02187725867438104,0.0024653648248562222,0.05593849732760601,0.01034934036857167,0.02187725867438104,0.0,0.3503989,0.06716593,0.024009455,0.007423554,0.026359664,0.0050179022,0.050489508
77.0,0.002475438424747591,0.05622850267399772,0.010376299154604833,0.01979536225281891,0.002475438424747591,0.05622850267399772,0.010376299154604833,0.01979536225281891,0.0,0.35204843,0.067388006,0.0219743,0.0074097095,0.026342597,0.0050042616,0.050329003
77.2,0.0024863431271110255,0.05652213064419225,0.0104039214447335,0.017911584470096387,0.0024863431271110255,0.05652213064419225,0.0104039214447335,0.017911584470096387,0.0,0.3537131,0.0676123,0.020133095,0.0073961015,0.02632541,0.0049907393,0.050169386
77.4,0.00249801252391167,0.056819207861977826,0.010432211254199419,0.016207071845008133,0.00249801252391167,0.056819207861977826,0.010432211254199419,0.016207071845008133,0.0,0.35539168,0.067838825,0.018467374,0.007382493,0.02630811,0.0049772174,0.050010644
77.60000000000001,0.0025103870113300504,0.057119577324993294,0.010461171615961832,0.014664765042299008,0.0025103870113300504,0.057119577324993294,0.010461171615961832,0.014664765042299008,0.0,0.3570831,0.06806759,0.016960427,0.0073690033,0.02629081,0.0049638133,0.049852673
77.80000000000001,0.0025234130325042844,0.057423096909097936,0.010490804687381249,0.013269228137103201,0.0025234130325042844,0.057423096909097936,0.010490804687381249,0.013269228137103201,0.0,0.3587864,0.068298586,0.015597136,0.007355513,0.026273392,0.0049505276,0.049695585
78.0,0.0025370424158018844,0.05772963801135991,0.010521111846343429,0.012006494127020092,0.0025370424158018844,0.05772963801135991,0.010521111846343429,0.012006494127020092,0.0,0.36050063,0.06853182,0.014363822,0.007342141,0.026255975,0.0049372423,0.049539384
78.2,0.0025512317948675573,0.05803908431846347,0.010552093777905155,0.010863925145659415,0.0025512317948675573,0.05803908431846347,0.010552093777905155,0.010863925145659415,0.0,0.36222497,0.06876728,0.013248108,0.007328887,0.026238557,0.004924075,0.049383834
78.4,0.002565942098911005,0.05835133068865901,0.01058375055242244,0.009830085978627277,0.002565942098911005,0.05835133068865901,0.01058375055242244,0.009830085978627277,0.0,0.36395866,0.06900496,0.012238799,0.0073156334,0.026221022,0.0049109077,0.04922928
78.60000000000001,0.002581138103527994,0.058666282136558084,0.01061608169601618,0.008894629616056632,0.002581138103527994,0.058666282136558084,0.01061608169601618,0.008894629616056632,0.0,0.365701,0.06924485,0.011325761,0.0073024975,0.02620337,0.004897859,0.0490755
78.80000000000001,0.0025967880338606275,0.05898385291112429,0.010649086254137817,0.008048193696254901,0.0025967880338606275,0.05898385291112429,0.010649086254137817,0.008048193696254901,0.0,0.36745134,0.06948693,0.010499828,0.0072894795,0.02618572,0.0048849285,0.048922487
79.0,0.00261286321315711,0.059303965658150035,0.010682762848916188,0.007282306804041428,0.00261286321315711,0.059303965658150035,0.010682762848916188,0.007282306804041428,0.0,0.3692091,0.06973119,0.009752705,0.007276462,0.026168067,0.004871998,0.048770253
79.2,0.0026293377508341937,0.059626550659350006,0.01071710973089519,0.006589303685976803,0.0026293377508341937,0.059626550659350006,0.01071710973089519,0.006589303685976803,0.0,0.3709738,0.06997762,0.00907689,0.007263562,0.0261503,0.004859067,0.048618898
79.4,0.002646188265015114,0.05995154514095656,0.010752124825708555,0.005962248533930414,0.002646188265015114,0.05995154514095656,0.010752124825708555,0.005962248533930414,0.0,0.37274486,0.07022619,0.008465591,0.0072506624,0.02613253,0.004846255,0.048468318
79.60000000000001,0.0026633936352431433,0.060278892645381416,0.010787805776182014,0.005394865569181251,0.0026633936352431433,0.060278892645381416,0.010787805776182014,0.005394865569181251,0.0,0.37452188,0.07047689,0.007912667,0.0072378805,0.026114762,0.004833561,0.048318505
79.80000000000001,0.0026809347816808705,0.060608542460117903,0.010824149980303368,0.004881476232315181,0.0026809347816808705,0.060608542460117903,0.010824149980303368,0.004881476232315181,0.0,0.37630445,0.07072969,0.0074125584,0.0072252173,0.026096877,0.004820867,0.04816947
80.0,0.002698747709475466,0.06094031889324831,0.01086115461570091,0.00467826680427204,0.002698747709475466,0.06094031889324831,0.01086115461570091,0.00467826680427204,0.0,0.37809217,0.07098457,0.023626905,0.007212672,0.026078876,0.0048082913,0.04802132
80.2,0.0027001491778379442,0.06122835358750299,0.010898750650916715,0.09787536133772956,0.0027001491778379442,0.06122835358750299,0.010898750650916715,0.09787536133772956,0.0,0.37940073,0.0712392,0.116790086,0.007200126,0.026060874,0.004795835,0.04787383
80.4,0.002657299130618959,0.061397098048318846,0.010936411421534332,0.18372387119849598,0.002657299130618959,0.061397098048318846,0.010936411421534332,0.18372387119849598,0.0,0.38003972,0.07149045,0.20108205,0.0071875807,0.026042871,0.004783259,0.04772723
80.60000000000001,0.0025793902854832356,0.0614675155033993,0.010973554978645631,0.2614028152038804,0.0025793902854832356,0.0614675155033993,0.010973554978645631,0.2614028152038804,0.0,0.38007188,0.07173607,0.2773475,0.007175153,0.026024869,0.00477092,0.0475814
80.80000000000001,0.002472955149702965,0.0614483820518417,0.011009693762322244,0.33168963033413645,0.002472955149702965,0.0614483820518417,0.011009693762322244,0.33168963033413645,0.0,0.37955686,0.07197407,0.34635073,0.007162844,0.026006749,0.0047585815,0.047436234
81.0,0.002344735014614546,0.06134793487603836,0.011044409965832955,0.39501634243964245,0.002344735014614546,0.06134793487603836,0.011044409965832955,0.39501634243964245,0.0,0.37855083,0.07220273,0.39211658,0.0071506533,0.025988631,0.0047462424,0.047291957
81.2,0.002217870229466075,0.061229965772724014,0.01107744708241643,0.35976379112482587,0.002217870229466075,0.061229965772724014,0.01107744708241643,0.35976379112482587,0.0,0.37758738,0.07242285,0.35503176,0.0071384623,0.025970396,0.004734022,0.04714834
81.4,0.002110427096823179,0.06115568254994668,0.01110898869239892,0.32552773986729133,0.002110427096823179,0.06115568254994668,0.01110898869239892,0.32552773986729133,0.0,0.37689352,0.072636224,0.3214783,0.007126271,0.025952274,0.00472192,0.047005497
81.60000000000001,0.002019086857090165,0.06112071869349085,0.011139298462513478,0.2945496796433843,0.002019086857090165,0.06112071869349085,0.011139298462513478,0.2945496796433843,0.0,0.3764417,0.072843924,0.29111996,0.0071141976,0.025933921,0.0047098175,0.04686343
81.80000000000001,0.0019412211055179123,0.061121259024635985,0.011168607129706612,0.266519571614357,0.0019412211055179123,0.061121259024635985,0.011168607129706612,0.266519571614357,0.0,0.37620744,0.073046885,0.2636525,0.0071022427,0.025915686,0.004697834,0.04672214
82.0,0.0018747100264789483,0.06115391403317713,0.011197117261745916,0.24115688103786503,0.0018747100264789483,0.06115391403317713,0.011197117261745916,0.24115688103786503,0.0,0.37616903,0.07324596,0.23880064,0.0070902877,0.025897332,0.0046858503,0.04658163
82.2,0.0018178288044519732,0.06121566712395082,0.011225007170951975,0.2182077695819685,0.0018178288044519732,0.06121566712395082,0.011225007170951975,0.2182077695819685,0.0,0.3763071,0.073441885,0.21631534,0.007078451,0.025878977,0.004673866,0.04644178
82.4,0.0017691624519597495,0.061303828972707385,0.011252434165628994,0.19744255482579945,0.0017691624519597495,0.061303828972707385,0.011252434165628994,0.19744255482579945,0.0,0.37660438,0.07363535,0.19597125,0.007066614,0.025860624,0.004662001,0.046302706
82.60000000000001,0.0017275413708695343,0.061415997937850055,0.011279537274705737,0.17865341152068767,0.0017275413708695343,0.061415997937850055,0.011279537274705737,0.17865341152068767,0.0,0.3770454,0.07382693,0.17756447,0.007054895,0.025842153,0.004650254,0.046164297
82.80000000000001,0.001691992145321417,0.0615500256850343,0.011306439548849695,0.16165229160522207,0.001691992145321417,0.0615500256850343,0.011306439548849695,0.16165229160522207,0.0,0.37761632,0.074017175,0.16091055,0.007043295,0.025823683,0.004638507,0.046026666
83.0,0.001661699597148876,0.06170398732959374,0.011333250017676528,0.14626904215704817,0.001661699597148876,0.06170398732959374,0.011333250017676528,0.14626904215704817,0.0,0.37830475,0.07420655,0.14584257,0.007031694,0.02580521,0.0046268785,0.04588981
83.2,0.0016359772275312053,0.061876155503494824,0.011360065365134283,0.13234970244522684,0.0016359772275312053,0.061876155503494824,0.011360065365134283,0.13234970244522684,0.0,0.37909955,0.07439549,0.13220952,0.007020212,0.025786623,0.0046152496,0.04575362
83.4,0.0016142439550956753,0.062064977826128874,0.011386971371970585,0.11975496303949802,0.0016142439550956753,0.062064977826128874,0.011386971371970585,0.11975496303949802,0.0,0.3799907,0.07458436,0.119874775,0.0070087295,0.025768036,0.00460374,0.045618214
83.60000000000001,0.0015960056281450856,0.06226905731574962,0.011414044164190328,0.10835877155467495,0.0015960056281450856,0.06226905731574962,0.011414044164190328,0.10835877155467495,0.0,0.38096917,0.07477349,0.1087147,0.0069972468,0.025749447,0.0045922296,0.045483466
83.80000000000001,0.0015808401971960254,0.06248713532970642,0.011441351298736963,0.09804707107600683,0.0015808401971960254,0.06248713532970642,0.011441351298736963,0.09804707107600683,0.0,0.38202682,0.07496319,0.09861745,0.0069860006,0.025730858,0.0045807194,0.04534939
84.0,0.0015683857269188199,0.06271807667086848,0.011468952711682525,0.08871665863924105,0.0015683857269188199,0.06271807667086848,0.011468952711682525,0.08871665863924105,0.0,0.38315633,0.07515371,0.089481816,0.0069746366,0.025712268,0.004569327,0.045216087
84.2,0.0015583306360676065,0.06296085654542947,0.011496901549558671,0.08027415234066693,0.0015583306360676065,0.06296085654542947,0.011496901549558671,0.08027415234066693,0.0,0.3843511,0.075345285,0.08121624,0.0069635087,0.025693564,0.004558054,0.045083456
84.4,0.0015504057040753602,0.06321454910260138,0.011525244900790006,0.0726350567396406,0.0015504057040753602,0.06321454910260138,0.011525244900790006,0.0726350567396406,0.0,0.38560513,0.07553813,0.07373787,0.0069522625,0.025674855,0.0045467806,0.044951487
84.60000000000001,0.0015443774912732497,0.06347831732818585,0.011554024441271368,0.06572291719981277,0.0015443774912732497,0.06347831732818585,0.011554024441271368,0.06572291719981277,0.0,0.386913,0.07573241,0.06697175,0.0069412524,0.02565615,0.0045356257,0.044820186
84.80000000000001,0.0015400428987856346,0.06375140410065819,0.011583277005791197,0.0594685547054316,0.0015400428987856346,0.06375140410065819,0.011583277005791197,0.0594685547054316,0.0,0.3882698,0.07592829,0.060850065,0.006930124,0.025637444,0.004524471,0.044689666
85.0,0.001537224652857997,0.06403312424982287,0.011613035095114962,0.053809373494501725,0.001537224652857997,0.06403312424982287,0.011613035095114962,0.053809373494501725,0.0,0.38967115,0.07612591,0.05531145,0.0069192327,0.02561862,0.0045133154,0.04455981
85.2,0.0015357675427272476,0.06432285748442663,0.011643327327008596,0.04868873457935756,0.0015357675427272476,0.06432285748442663,0.011643327327008596,0.04868873457935756,0.0,0.39111298,0.07632539,0.050300382,0.006908341,0.025599796,0.0045022788,0.04443063
85.4,0.0015355352752300596,0.06462004207682483,0.011674178838226943,0.04405538888464027,0.0015355352752300596,0.06462004207682483,0.011674178838226943,0.04405538888464027,0.0,0.39259169,0.07652683,0.04576663,0.0068974495,0.025580972,0.004491242,0.044302106
85.60000000000001,0.0015364078359361769,0.064924169210528,0.011705611643459814,0.039862964329324645,0.0015364078359361769,0.064924169210528,0.011705611643459814,0.039862964329324645,0.0,0.39410397,0.07673032,0.041664742,0.006886676,0.025562149,0.0044803238,0.044174258
85.80000000000001,0.001538279267589636,0.06523477791088224,0.011737644956372867,0.036069501719346454,0.001538279267589636,0.06523477791088224,0.011737644956372867,0.036069501719346454,0.0,0.3956468,0.07693593,0.0379536,0.006875902,0.025543323,0.004469524,0.044047076
86.0,0.0015410557933706766,0.06555145049088501,0.011770295477168407,0.03263703480588564,0.0015410557933706766,0.06555145049088501,0.011770295477168407,0.03263703480588564,0.0,0.39721748,0.077143736,0.034595996,0.0068652467,0.025524383,0.004458606,0.04392056
86.2,0.0015446542259097847,0.06587380845374537,0.011803577650494572,0.029531210306386325,0.0015446542259097847,0.06587380845374537,0.011803577650494572,0.029531210306386325,0.0,0.39881352,0.07735379,0.031558268,0.006854591,0.025505558,0.004447925,0.043794714
86.4,0.0015490006137983247,0.06620150880170833,0.011837503897028697,0.026720944085359983,0.0015490006137983247,0.06620150880170833,0.011837503897028697,0.026720944085359983,0.0,0.40043268,0.07756613,0.028809955,0.0068440535,0.025486615,0.004437125,0.043669537
86.60000000000001,0.0015540290860822392,0.06653424070723228,0.011872084821635378,0.02417811005390881,0.0015540290860822392,0.06653424070723228,0.011872084821635378,0.02417811005390881,0.0,0.4020729,0.07778079,0.026323501,0.0068335165,0.025467673,0.0044264435,0.04354503
86.80000000000001,0.0015596808623101813,0.06687172250810958,0.011907329400637654,0.02187725867437482,0.0015596808623101813,0.06687172250810958,0.011907329400637654,0.02187725867437482,0.0,0.40373236,0.0779978,0.024073973,0.006823098,0.02544873,0.0044158804,0.04342119
87.0,0.0015659034014604298,0.06721369899277155,0.011943245150430222,0.019795362252813285,0.0015659034014604298,0.06721369899277155,0.011943245150430222,0.019795362252813285,0.0,0.40540934,0.078217186,0.02203881,0.0068126787,0.025429787,0.004405318,0.04329791
87.2,0.0015726496677503899,0.06755993894598267,0.01197983827939785,0.017911584470091297,0.0015726496677503899,0.06755993894598267,0.01197983827939785,0.017911584470091297,0.0,0.4071023,0.07843895,0.020197598,0.0068023773,0.025410844,0.004394873,0.043175295
87.4,0.0015798774951450369,0.067910232928533,0.012017113824872961,0.016207071845003525,0.0015798774951450369,0.067910232928533,0.012017113824872961,0.016207071845003525,0.0,0.4088098,0.07866312,0.018531874,0.0067920764,0.025391784,0.00438431,0.04305335
87.60000000000001,0.0015875490354922467,0.06826439126748253,0.012055075776667808,0.014664765042294841,0.0015875490354922467,0.06826439126748253,0.012055075776667808,0.014664765042294841,0.0,0.41053063,0.07888968,0.017024925,0.0067818942,0.025372723,0.004373984,0.04293208
87.80000000000001,0.0015956302777570496,0.06862224223607237,0.012093727188544212,0.01326922813709943,0.0015956302777570496,0.06862224223607237,0.012093727188544212,0.01326922813709943,0.0,0.41226354,0.07911864,0.015661633,0.006771711,0.025353778,0.0043636584,0.042811364
88.0,0.0016040906279111034,0.06898363040465735,0.012133070278833263,0.01200649412701668,0.0016040906279111034,0.06898363040465735,0.012133070278833263,0.01200649412701668,0.0,0.4140075,0.07934999,0.014428319,0.006761528,0.025334718,0.004353332,0.042691316
88.2,0.001612902540744818,0.0693484151459826,0.012173106521285799,0.010863925145656327,0.001612902540744818,0.0693484151459826,0.012173106521285799,0.010863925145656327,0.0,0.4157616,0.07958372,0.013312608,0.0067514637,0.025315657,0.004343006,0.04257194
88.4,0.0016220411962775763,0.06971646927986008,0.0122138367271187,0.009830085978624482,0.0016220411962775763,0.06971646927986008,0.0122138367271187,0.009830085978624482,0.0,0.41752484,0.07981982,0.012303301,0.0067415177,0.025296595,0.004332917,0.042453125
88.60000000000001,0.00163148421460293,0.07008767784383706,0.012255261119120363,0.008894629616054103,0.00163148421460293,0.07008767784383706,0.012255261119120363,0.008894629616054103,0.0,0.4192965,0.08005828,0.011390268,0.006731571,0.025277533,0.0043227095,0.042334866
88.80000000000001,0.0016412114039660848,0.07046193697780767,0.012297379398588751,0.008048193696252615,0.0016412114039660848,0.07046193697780767,0.012297379398588751,0.008048193696252615,0.0,0.4210758,0.08029907,0.01056434,0.0067216246,0.02525847,0.00431262,0.042217392
89.0,0.0016512045376673586,0.07083915291173018,0.012340190805795922,0.007282306804039357,0.0016512045376673586,0.07083915291173018,0.012340190805795922,0.007282306804039357,0.0,0.42286205,0.08054219,0.009817225,0.0067117964,0.02523929,0.004302531,0.04210036
89.2,0.0016614471560474665,0.07121924104669052,0.012383694174602328,0.00658930368597493,0.0016614471560474665,0.07121924104669052,0.012383694174602328,0.00658930368597493,0.0,0.42465466,0.08078761,0.009141417,0.0067019686,0.025220228,0.0042925603,0.041984
89.4,0.0016719243903626085,0.07160212512051527,0.012427887981781426,0.005962248533928719,0.0016719243903626085,0.07160212512051527,0.012427887981781426,0.005962248533928719,0.0,0.42645302,0.08103529,0.008530127,0.0066922586,0.025201047,0.0042825895,0.0418682
89.60000000000001,0.0016826228058191086,0.07198773644999891,0.012472770391559323,0.005394865569179718,0.0016826228058191086,0.07198773644999891,0.012472770391559323,0.005394865569179718,0.0,0.42825663,0.08128523,0.007977212,0.006682548,0.025181985,0.004272737,0.041753072
89.80000000000001,0.0016935302614246484,0.07237601324258103,0.01251833929582422,0.004881476232313793,0.0016935302614246484,0.07237601324258103,0.01251833929582422,0.004881476232313793,0.0,0.430065,0.081537396,0.007477113,0.0066728382,0.025162803,0.004262885,0.0416385
90.0,0.0017046062519203396,0.07276674424647515,0.012564592340203184,0.00467826680433565,0.0017046062519203396,0.07276674424647515,0.012564592340203184,0.00467826680433565,0.0,0.4318777,0.08179176,0.023691468,0.0066632465,0.025143739,0.0042530326,0.041524604
90.2,0.0017053141945775573,0.07310497453789867,0.012611457840188132,0.09787536133798597,0.0017053141945775573,0.07310497453789867,0.012611457840188132,0.09787536133798597,0.0,0.4331414,0.08204587,0.11685466,0.006653773,0.025124557,0.004243299,0.041411154
90.4,0.0016780764931930592,0.07329979449426906,0.012658384648575664,0.183723871198728,0.0016780764931930592,0.07329979449426906,0.012658384648575664,0.183723871198728,0.0,0.4336397,0.08229624,0.20114663,0.0066442993,0.025105376,0.004233565,0.041298375
90.60000000000001,0.0016287065973377465,0.07337619231573791,0.012704761702717175,0.26140281520409037,0.0016287065973377465,0.07337619231573791,0.012704761702717175,0.26140281520409037,0.0,0.43344557,0.08254026,0.2774121,0.0066348263,0.025086194,0.0042238315,0.041186154
90.80000000000001,0.0015613360095408108,0.07334495300437371,0.012750072997635425,0.33168963033432636,0.0015613360095408108,0.07334495300437371,0.012750072997635425,0.33168963033432636,0.0,0.43262827,0.08277565,0.34641528,0.0066253524,0.02506701,0.004214216,0.041074496
91.0,0.0014802263336907702,0.07321624373658023,0.012793870925015162,0.39501634243974704,0.0014802263336907702,0.07321624373658023,0.012793870925015162,0.39501634243974704,0.0,0.43125293,0.08300042,0.3921811,0.006615997,0.02504783,0.0042047193,0.04096351
91.2,0.0013999889720736909,0.07306669718760586,0.012835873754558219,0.3597637911247236,0.0013999889720736909,0.07306669718760586,0.012835873754558219,0.3597637911247236,0.0,0.42992848,0.08321525,0.35509622,0.00660676,0.025028644,0.004195104,0.04085297
91.4,0.0013320265142471508,0.07296970534647836,0.012876266449340906,0.32552773986719885,0.0013320265142471508,0.07296970534647836,0.012876266449340906,0.32552773986719885,0.0,0.42891335,0.083422095,0.3215427,0.0065975226,0.02500946,0.0041857255,0.040743105
91.60000000000001,0.0012742406312811676,0.07291998643491758,0.012915322410791113,0.2945496796433006,0.0012742406312811676,0.07291998643491758,0.012915322410791113,0.2945496796433006,0.0,0.42817563,0.08362219,0.2911843,0.0065882853,0.024990277,0.004176229,0.040633682
91.80000000000001,0.0012249695040659093,0.07291293791204297,0.012953282876520582,0.2665195716142813,0.0012249695040659093,0.07291293791204297,0.012953282876520582,0.2665195716142813,0.0,0.42768702,0.083816625,0.26371676,0.0065791667,0.024971094,0.0041668504,0.040524937
92.0,0.0011828729092781378,0.07294447005824885,0.012990361206597547,0.2411568810377965,0.0011828729092781378,0.07294447005824885,0.012990361206597547,0.2411568810377965,0.0,0.42742237,0.08400639,0.23886481,0.0065700477,0.024951909,0.004157472,0.04041664
92.2,0.0011468603888783412,0.07301094204542818,0.013026746460235787,0.2182077695819065,0.0011468603888783412,0.07301094204542818,0.013026746460235787,0.2182077695819065,0.0,0.4273593,0.08419236,0.2163794,0.0065609287,0.024932723,0.0041482123,0.040309016
92.4,0.0011160373906218173,0.07310910690751968,0.013062606419797585,0.19744255482574333,0.0011160373906218173,0.07310910690751968,0.013062606419797585,0.19744255482574333,0.0,0.42747784,0.0843753,0.1960352,0.006551928,0.024913538,0.004138952,0.04020184
92.60000000000001,0.0010896645200574443,0.07323606402307296,0.013098090166417676,0.17865341152063688,0.0010896645200574443,0.07323606402307296,0.013098090166417676,0.17865341152063688,0.0,0.4277601,0.08455591,0.17762832,0.006542927,0.024894353,0.0041296924,0.040095337
92.80000000000001,0.001067126424570303,0.07338921798609878,0.013133330288202589,0.16165229160517613,0.001067126424570303,0.07338921798609878,0.013133330288202589,0.16165229160517613,0.0,0.42819014,0.084734805,0.1609743,0.0065340446,0.024875166,0.004120551,0.03998928
93.0,0.0010479077993995284,0.0735662429405212,0.013168444784577533,0.1462690421570066,0.0010479077993995284,0.0735662429405212,0.013168444784577533,0.1462690421570066,0.0,0.4287536,0.08491253,0.14590621,0.006525162,0.02485598,0.0041114097,0.03988379
93.2,0.0010315746967700075,0.07376505160287945,0.013203538717250893,0.1323497024451892,0.0010315746967700075,0.07376505160287945,0.013203538717250893,0.1323497024451892,0.0,0.4294377,0.08508958,0.13227306,0.0065162797,0.024836794,0.004102387,0.039778855
93.4,0.0010177598166604862,0.07398376831262309,0.013238705648272044,0.119754963039464,0.0010177598166604862,0.07398376831262309,0.013238705648272044,0.119754963039464,0.0,0.43023083,0.08526639,0.11993822,0.006507515,0.024817606,0.004093364,0.03967437
93.60000000000001,0.0010061508165744176,0.07422070554158816,0.013274028897947618,0.10835877155464416,0.0010061508165744176,0.07422070554158816,0.013274028897947618,0.10835877155464416,0.0,0.43112257,0.08544333,0.10877805,0.006498751,0.02479842,0.0040843408,0.039570563
93.80000000000001,0.0009964809359932277,0.07447434337228129,0.01330958264936929,0.09804707107597896,0.0009964809359932277,0.07447434337228129,0.01330958264936929,0.09804707107597896,0.0,0.4321036,0.08562076,0.09868071,0.006490105,0.02477923,0.004075437,0.039467204
94.0,0.0009885214163981532,0.07474331152303924,0.013345432921572158,0.08871665863921584,0.0009885214163981532,0.07474331152303924,0.013345432921572158,0.08871665863921584,0.0,0.4331655,0.08579897,0.089545,0.006481459,0.024760043,0.0040665325,0.039364405
94.2,0.000982075330212955,0.07502637355899305,0.013381638429581094,0.08027415234064411,0.000982075330212955,0.07502637355899305,0.013381638429581094,0.08027415234064411,0.0,0.4343006,0.08597823,0.08127934,0.006472813,0.024740854,0.004057628,0.039262056
94.4,0.0009769725269226997,0.07532241298167809,0.013418251346587948,0.07263505673961997,0.0009769725269226997,0.07532241298167809,0.013418251346587948,0.07263505673961997,0.0,0.43550205,0.086158775,0.07380089,0.0064642853,0.024721663,0.004048842,0.039160267
94.60000000000001,0.000973065473098103,0.07563042093725462,0.013455317981068046,0.06572291719979409,0.000973065473098103,0.07563042093725462,0.013455317981068046,0.06572291719979409,0.0,0.43676364,0.08634081,0.0670347,0.006455757,0.024702474,0.0040400564,0.039059043
94.80000000000001,0.0009702258130724892,0.07594948532382075,0.01349287937966375,0.0594685547054147,0.0009702258130724892,0.07594948532382075,0.01349287937966375,0.0594685547054147,0.0,0.4380797,0.08652451,0.060912944,0.0064472295,0.024683286,0.0040312703,0.038958266
95.0,0.000968341514146418,0.07627878111262157,0.01353097186504043,0.05380937349448643,0.000968341514146418,0.07627878111262157,0.01353097186504043,0.05380937349448643,0.0,0.43944523,0.08671004,0.05537426,0.0064388197,0.024664095,0.004022603,0.038858052
95.2,0.0009673144882465882,0.07661756172668831,0.013569627516582479,0.04868873457934372,0.0009673144882465882,0.07661756172668831,0.013569627516582479,0.04868873457934372,0.0,0.44085553,0.08689754,0.05036313,0.006430411,0.024644906,0.0040139356,0.03875829
95.4,0.0009670586035249217,0.07696515134430565,0.013608874600687057,0.04405538888462775,0.0009670586035249217,0.07696515134430565,0.013608874600687057,0.04405538888462775,0.0,0.44230646,0.08708712,0.045829322,0.006422001,0.02462583,0.004005268,0.03865909
95.60000000000001,0.0009674980162026656,0.07732093801445283,0.013648737956486948,0.03986296432931331,0.0009674980162026656,0.07732093801445283,0.013648737956486948,0.03986296432931331,0.0,0.44379425,0.08727888,0.041727383,0.0064137094,0.024606638,0.003996719,0.03856034
95.80000000000001,0.0009685657662440506,0.07768436748769572,0.013689239342056327,0.036069501719336206,0.0009685657662440506,0.07768436748769572,0.013689239342056327,0.036069501719336206,0.0,0.44531545,0.08747291,0.03801619,0.0064054183,0.024587447,0.0039881705,0.038462147
96.0,0.000970202591025109,0.07805493767954719,0.013730397745497057,0.03263703480587637,0.000970202591025109,0.07805493767954719,0.013730397745497057,0.03263703480587637,0.0,0.44686696,0.087669276,0.034658536,0.006397245,0.024568371,0.00397974,0.03836441
96.2,0.0009723559196497347,0.0784321936945853,0.013772229664746413,0.029531210306377932,0.0009723559196497347,0.0784321936945853,0.013772229664746413,0.029531210306377932,0.0,0.44844592,0.08786804,0.031620763,0.006388954,0.024549179,0.003971191,0.03826712
96.4,0.0009749790174032498,0.0788157233490553,0.013814749359472496,0.02672094408535239,0.0009749790174032498,0.0788157233490553,0.013814749359472496,0.02672094408535239,0.0,0.4500498,0.08806926,0.028872408,0.006380899,0.024530103,0.0039628795,0.038170397
96.60000000000001,0.000978030255361941,0.07920515313763048,0.01385796907801723,0.024178110053901938,0.000978030255361941,0.07920515313763048,0.01385796907801723,0.024178110053901938,0.0,0.45167622,0.08827296,0.026385915,0.006372726,0.024511026,0.003954449,0.03807412
96.80000000000001,0.000981472484657022,0.07960014459674536,0.013901899261996942,0.021877258674368603,0.000981472484657022,0.07960014459674536,0.013901899261996942,0.021877258674368603,0.0,0.4533231,0.088479176,0.024136348,0.006364671,0.024491832,0.0039461376,0.03797841
97.0,0.0009852724985290919,0.08000039102266224,0.013946548730868523,0.019795362252807657,0.0009852724985290919,0.08000039102266224,0.013946548730868523,0.019795362252807657,0.0,0.45498848,0.088687934,0.022101149,0.006356616,0.024472754,0.0039378256,0.037883036
97.2,0.0009894005682678129,0.08040561450736419,0.013991924848507007,0.017911584470086204,0.0009894005682678129,0.08040561450736419,0.013991924848507007,0.017911584470086204,0.0,0.4566706,0.08889924,0.020259906,0.0063486802,0.024453677,0.0039295135,0.037788223
97.4,0.000993830041541966,0.0808155632596214,0.014038033673612343,0.016207071844998918,0.000993830041541966,0.0808155632596214,0.014038033673612343,0.016207071844998918,0.0,0.45836788,0.08911311,0.01859415,0.0063407435,0.0244346,0.0039213207,0.037693862
97.60000000000001,0.0009985369935922113,0.08123000918226712,0.014084880095563822,0.014664765042290672,0.0009985369935922113,0.08123000918226712,0.014084880095563822,0.014664765042290672,0.0,0.46007887,0.08932954,0.01708717,0.006332807,0.02441552,0.0039131274,0.037600067
97.80000000000001,0.0010034999233672172,0.0816487456799294,0.014132467957165926,0.013269228137095659,0.0010034999233672172,0.0816487456799294,0.014132467957165926,0.013269228137095659,0.0,0.4618022,0.08954853,0.01572385,0.00632487,0.024396442,0.0039050526,0.037506722
98.0,0.0010086994880014145,0.0820715856742735,0.014180800165575895,0.012006494127013267,0.0010086994880014145,0.0820715856742735,0.014180800165575895,0.012006494127013267,0.0,0.4635367,0.089770064,0.014490511,0.006317052,0.024377363,0.0038968592,0.037413713
98.2,0.0010141182701143086,0.08249835980627199,0.014229878792567908,0.01086392514565324,0.0010141182701143086,0.08249835980627199,0.014229878792567908,0.01086392514565324,0.0,0.46528128,0.08999414,0.013374776,0.0063092336,0.024358284,0.0038887847,0.03732127
98.4,0.0010197405733013405,0.08292891480718677,0.014279705165169137,0.00983008597862169,0.0010197405733013405,0.08292891480718677,0.014279705165169137,0.00983008597862169,0.0,0.46703488,0.09022074,0.0123654455,0.0063015334,0.024339318,0.0038808284,0.037229277
98.60000000000001,0.0010255522419204402,0.08336311202186095,0.014330279947597032,0.008894629616051575,0.0010255522419204402,0.08336311202186095,0.014330279947597032,0.008894629616051575,0.0,0.4687966,0.090449855,0.01145239,0.0062938337,0.024320237,0.0038728723,0.037137732
98.80000000000001,0.001031540501885514,0.08380082606961055,0.014381603215332975,0.008048193696250327,0.001031540501885514,0.08380082606961055,0.014381603215332975,0.008048193696250327,0.0,0.47056565,0.09068145,0.010626441,0.0062861335,0.024301158,0.0038649163,0.03704664
99.0,0.0010376938196815027,0.08424194362950693,0.014433674522083769,0.007282306804037288,0.0010376938196815027,0.08424194362950693,0.014433674522083769,0.007282306804037288,0.0,0.4723412,0.0909155,0.009879305,0.006278434,0.024282193,0.0038569598,0.036956005
99.2,0.0010440017772341916,0.08468636233817597,0.014486492960307734,0.0065893036859730565,0.0010440017772341916,0.08468636233817597,0.014486492960307734,0.0065893036859730565,0.0,0.47412258,0.09115199,0.009203478,0.006270852,0.024263227,0.0038490037,0.036865816
99.4,0.001050454960616953,0.08513398978942688,0.014540057215915485,0.005962248533927024,0.001050454960616953,0.08513398978942688,0.014540057215915485,0.005962248533927024,0.0,0.47590914,0.091390885,0.008592169,0.0062632705,0.024244262,0.0038411662,0.036776077
99.60000000000001,0.0010570448608684894,0.08558474262608501,0.014594365617695896,0.005394865569178184,0.0010570448608684894,0.08558474262608501,0.014594365617695896,0.005394865569178184,0.0,0.4777003,0.09163216,0.008039235,0.0062556886,0.024225296,0.003833447,0.036686793
99.80000000000001,0.001063763785440451,0.08603854571534893,0.014649416181964196,0.004881476232312406,0.001063763785440451,0.08603854571534893,0.014649416181964196,0.004881476232312406,0.0,0.4794955,0.09187577,0.0075391186,0.0062482255,0.024206331,0.0038256093,0.03659796
100.0,0.0010706047789998305,0.0864953313998405,0.01470520665288129,0.004425525161220572,0.0010706047789998305,0.0864953313998405,0.01470520665288129,0.004425525161220572,0.0,0.48129427,0.0921217,0.023753457,0.006240762,0.024187364,0.0038178903,0.036509577
