{
  "dose_0.5": {
    "ODE_vs_PDE": {
      "RMSE": 0.0007033066288221995,
      "MAE": 0.0005348300465171335
    },
    "Supermodel_vs_PDE": {
      "RMSE": 0.0007033080018112623,
      "MAE": 0.0005348311814435693
    },
    "SuperNet_vs_PDE": {
      "RMSE": 0.03274698867692778,
      "MAE": 0.027000427488599724
    }
  },
  "dose_1.0": {
    "ODE_vs_PDE": {
      "RMSE": 0.0006883421757549235,
      "MAE": 0.0005301318395293927
    },
    "Supermodel_vs_PDE": {
      "RMSE": 0.0006883420240008877,
      "MAE": 0.0005301314299154194
    },
    "SuperNet_vs_PDE": {
      "RMSE": 0.030267836779450167,
      "MAE": 0.02267558821873343
    }
  },
  "dose_1.5": {
    "ODE_vs_PDE": {
      "RMSE": 0.0006758260692546168,
      "MAE": 0.0005352288381226385
    },
    "Supermodel_vs_PDE": {
      "RMSE": 0.0006758242193435521,
      "MAE": 0.0005352265181226099
    },
    "SuperNet_vs_PDE": {
      "RMSE": 0.02961285185128113,
      "MAE": 0.020123360165685233
    }
  }
}