{
  "ODE_vs_PDE": {
    "RMSE": 0.7180297013535778,
    "MAE": 0.6914273770215326
  },
  "Supermodel_vs_PDE": {
    "RMSE": 0.7180296825778503,
    "MAE": 0.6914273486488923
  },
  "Supermodel_vs_ODE": {
    "RMSE": 5.149947239841891e-08,
    "MAE": 4.367730797439524e-08
  }
}