{
  "dose_0.5": {
    "ODE_vs_PDE": {
      "RMSE": 0.7910246264758495,
      "MAE": 0.7793388064278554
    },
    "Supermodel_vs_PDE": {
      "RMSE": 0.7910234026026427,
      "MAE": 0.7793375331244301
    },
    "SuperNet_vs_PDE": {
      "RMSE": 0.06732114023366509,
      "MAE": 0.0671433236358916
    }
  },
  "dose_1.0": {
    "ODE_vs_PDE": {
      "RMSE": 0.7041630141845825,
      "MAE": 0.6749413237002406
    },
    "Supermodel_vs_PDE": {
      "RMSE": 0.7041598654447937,
      "MAE": 0.674938193041258
    },
    "SuperNet_vs_PDE": {
      "RMSE": 0.07327697579072913,
      "MAE": 0.07277501462485904
    }
  },
  "dose_1.5": {
    "ODE_vs_PDE": {
      "RMSE": 0.6477987153697474,
      "MAE": 0.6025227782281284
    },
    "Supermodel_vs_PDE": {
      "RMSE": 0.6477932269326503,
      "MAE": 0.6025178862036487
    },
    "SuperNet_vs_PDE": {
      "RMSE": 0.07727578610250006,
      "MAE": 0.07653882523741372
    }
  }
}