{
  "ODE_vs_PDE": {
    "RMSE": 0.015689074921275768,
    "MAE": 0.014962230730484298
  },
  "Supermodel_vs_PDE": {
    "RMSE": 0.015689075035331727,
    "MAE": 0.014962231143448699
  },
  "Supermodel_vs_ODE": {
    "RMSE": 2.452564194891071e-09,
    "MAE": 2.0212586390596696e-09
  }
}