{
  "RMSE_state": 0.051612455397844315,
  "RMSE_state_std": 0.02886285074055195,
  "MAE_state": 0.026090949773788452,
  "MAE_state_std": 0.01355506107211113,
  "RMSE_TB": 0.007077330257743597,
  "RMSE_TB_std": 0.0053266198374331
}