{
  "RMSE_state": 0.05174335092306137,
  "RMSE_state_std": 0.030131349340081215,
  "MAE_state": 0.0283573716878891,
  "MAE_state_std": 0.014153597876429558,
  "RMSE_TB": 0.01057034358382225,
  "RMSE_TB_std": 0.0019960489589720964
}